4987176295439,Ariel ｱﾘｴｰﾙｼﾞｪﾙ 本体
4987176396686,Ariel ｱﾘｴｰﾙｼﾞｪﾙ 本体
4987176295224,Ariel ｱﾘｴｰﾙｼﾞｪﾙ部屋干し＆ｽﾎﾟｰﾂ 本体
4987176396488,Ariel ｱﾘｴｰﾙｼﾞｪﾙ部屋干し＆ｽﾎﾟｰﾂ 本体
4987176295293,Ariel ｱﾘｴｰﾙｼﾞｪﾙ除菌ﾌﾟﾗｽ 本体
4987176396846,Ariel ｱﾘｴｰﾙｼﾞｪﾙ除菌 本体
4987176309280,Ariel ｱﾘｴｰﾙｼﾞｪﾙ つめかえｻｲｽﾞ
4987176309280,Ariel ｱﾘｴｰﾙｼﾞｪﾙ つめかえｻｲｽﾞ
4987176309365,Ariel ｱﾘｴｰﾙｼﾞｪﾙ部屋干し＆ｽﾎﾟｰﾂ つめかえｻｲｽﾞ
4987176309365,Ariel ｱﾘｴｰﾙｼﾞｪﾙ部屋干し＆ｽﾎﾟｰﾂ つめかえｻｲｽﾞ
4987176309143,Ariel ｱﾘｴｰﾙｼﾞｪﾙ除菌 つめかえｻｲｽﾞ
4987176309143,Ariel ｱﾘｴｰﾙｼﾞｪﾙ除菌 つめかえｻｲｽﾞ
4987176309167,Ariel ｱﾘｴｰﾙｼﾞｪﾙ つめかえ超ｼﾞｬﾝﾎﾞｻｲｽﾞ
4987176309310,Ariel ｱﾘｴｰﾙｼﾞｪﾙ部屋干し＆ｽﾎﾟｰﾂ つめかえ超ｼﾞｬﾝﾎﾞｻｲｽﾞ
4987176309082,Ariel ｱﾘｴｰﾙｼﾞｪﾙ除菌ﾌﾟﾗｽ つめかえ超ｼﾞｬﾝﾎﾞｻｲｽﾞ
4987176309266,Ariel ｱﾘｴｰﾙｼﾞｪﾙ つめかえｳﾙﾄﾗｼﾞｬﾝﾎﾞｻｲｽﾞ
4987176396877,Ariel ｱﾘｴｰﾙｼﾞｪﾙ つめかえｳﾙﾄﾗｼﾞｬﾝﾎﾞｻｲｽﾞ
4987176309211,Ariel ｱﾘｴｰﾙｼﾞｪﾙ部屋干し＆ｽﾎﾟｰﾂ つめかえｳﾙﾄﾗｼﾞｬﾝﾎﾞｻｲｽﾞ
4987176396563,Ariel ｱﾘｴｰﾙｼﾞｪﾙ部屋干し＆ｽﾎﾟｰﾂ つめかえｳﾙﾄﾗｼﾞｬﾝﾎﾞｻｲｽﾞ
4987176309013,Ariel ｱﾘｴｰﾙｼﾞｪﾙ除菌ﾌﾟﾗｽ つめかえｳﾙﾄﾗｼﾞｬﾝﾎﾞｻｲｽﾞ
4987176396778,Ariel ｱﾘｴｰﾙｼﾞｪﾙ除菌 つめかえｳﾙﾄﾗｼﾞｬﾝﾎﾞｻｲｽﾞ
4987176309099,Ariel ｱﾘｴｰﾙｼﾞｪﾙ つめかえ超ｳﾙﾄﾗｼﾞｬﾝﾎﾞｻｲｽﾞ
4987176309198,Ariel ｱﾘｴｰﾙｼﾞｪﾙ部屋干し＆ｽﾎﾟｰﾂ つめかえ超ｳﾙﾄﾗｼﾞｬﾝﾎﾞｻｲｽﾞ
4987176309037,Ariel ｱﾘｴｰﾙｼﾞｪﾙ除菌ﾌﾟﾗｽ つめかえ超ｳﾙﾄﾗｼﾞｬﾝﾎﾞｻｲｽﾞ
4987176396730,Ariel ｱﾘｴｰﾙｼﾞｪﾙ つめかえﾒｶﾞｻｲｽﾞ
4987176396501,Ariel ｱﾘｴｰﾙｼﾞｪﾙ部屋干し＆ｽﾎﾟｰﾂ つめかえﾒｶﾞｻｲｽﾞ
4987176396839,Ariel ｱﾘｴｰﾙｼﾞｪﾙ除菌 つめかえﾒｶﾞｻｲｽﾞ
4987176369734,Ariel ｱﾘｴｰﾙｼﾞｪﾙﾎﾞｰﾙﾌﾟﾛ 本体
4987176369963,Ariel ｱﾘｴｰﾙｼﾞｪﾙﾎﾞｰﾙﾌﾟﾛ 部屋干し＆ｽﾎﾟｰﾂ
4987176369987,Ariel ｱﾘｴｰﾙｼﾞｪﾙﾎﾞｰﾙﾌﾟﾛﾊﾟﾜｰ超抗菌本体
4987176284723,Ariel ｱﾘｴｰﾙｼﾞｪﾙﾎﾞｰﾙﾌﾟﾛ つめかえﾊｲﾊﾟｰｼﾞｬﾝﾎﾞｻｲｽﾞ
4987176284440,Ariel ｱﾘｴｰﾙｼﾞｪﾙﾎﾞｰﾙﾌﾟﾛ 部屋干し＆ｽﾎﾟｰﾂ
4987176284549,Ariel ｱﾘｴｰﾙｼﾞｪﾙﾎﾞｰﾙﾌﾟﾛ ﾊﾟﾜｰ超抗菌つめかえﾊｲﾊﾟｰｼﾞｬﾝﾎﾞｻｲｽﾞ
4987176062369,Ariel ｱﾘｴｰﾙｼﾞｪﾙﾎﾞｰﾙﾌﾟﾛ 微香
4987176284839,Ariel ｱﾘｴｰﾙｼﾞｪﾙﾎﾞｰﾙﾌﾟﾛ つめかえﾒｶﾞｼﾞｬﾝﾎﾞｻｲｽﾞ
4987176284747,Ariel ｱﾘｴｰﾙｼﾞｪﾙﾎﾞｰﾙﾌﾟﾛ 部屋干し＆ｽﾎﾟｰﾂ
4987176284600,Ariel ｱﾘｴｰﾙｼﾞｪﾙﾎﾞｰﾙﾌﾟﾛ ﾊﾟﾜｰ超抗菌つめかえﾒｶﾞｼﾞｬﾝﾎﾞｻｲｽﾞ
4987176194398,Ariel ｱﾘｴｰﾙｼﾞｪﾙﾎﾞｰﾙﾌﾟﾛ 微香
4987176284655,Ariel ｱﾘｴｰﾙｼﾞｪﾙﾎﾞｰﾙﾌﾟﾛ つめかえ超ﾒｶﾞｼﾞｬﾝﾎﾞｻｲｽﾞ
4987176284556,Ariel ｱﾘｴｰﾙｼﾞｪﾙﾎﾞｰﾙﾌﾟﾛ 部屋干し＆ｽﾎﾟｰﾂ
4987176284587,Ariel ｱﾘｴｰﾙｼﾞｪﾙﾎﾞｰﾙﾌﾟﾛ ﾊﾟﾜｰ超抗菌
4987176284815,Ariel ｱﾘｴｰﾙｼﾞｪﾙﾎﾞｰﾙﾌﾟﾛ つめかえﾃﾗｼﾞｬﾝﾎﾞｻｲｽﾞ
4987176284914,Ariel ｱﾘｴｰﾙｼﾞｪﾙﾎﾞｰﾙﾌﾟﾛ 部屋干し＆ｽﾎﾟｰﾂ
4987176284754,Ariel ｱﾘｴｰﾙｼﾞｪﾙﾎﾞｰﾙﾌﾟﾛ ﾊﾟﾜｰ超抗菌つめかえﾃﾗｼﾞｬﾝﾎﾞｻｲｽﾞ
4987176318800,Ariel ｱﾘｴｰﾙﾐﾗｲ 超濃縮
4987176318862,Ariel ｱﾘｴｰﾙﾐﾗｲ 超濃縮
4987176318763,Ariel ｱﾘｴｰﾙﾐﾗｲ 超濃縮
4987176318923,Ariel ｱﾘｴｰﾙﾐﾗｲ 超濃縮
4987176318756,Ariel ｱﾘｴｰﾙﾐﾗｲ 超濃縮
4987176318947,Ariel ｱﾘｴｰﾙﾐﾗｲ 超濃縮
4987176318725,Ariel ｱﾘｴｰﾙﾐﾗｲ 超濃縮
4987176318831,Ariel ｱﾘｴｰﾙﾐﾗｲ 超濃縮
4987176318848,Ariel ｱﾘｴｰﾙﾐﾗｲ 超濃縮つめかえｳﾙﾄﾗｼﾞｬﾝﾎﾞｻｲｽﾞ
4987176318886,Ariel ｱﾘｴｰﾙﾐﾗｲ 超濃縮
4987176362919,Bold ﾎﾞｰﾙﾄﾞｼﾞｪﾙﾎﾞｰﾙ4D 華やかおひさまとﾌﾟﾚﾐｱﾑﾌﾞﾛｯｻﾑの香り
4987176402462,Bold ﾎﾞｰﾙﾄﾞｼﾞｪﾙﾎﾞｰﾙ4D ﾛｰｽﾞ&ｸﾞﾙｰﾐﾝｸﾞﾌﾞｰｹの香り
4987176402462,Bold ﾎﾞｰﾙﾄﾞｼﾞｪﾙﾎﾞｰﾙ4D ﾛｰｽﾞ&ｸﾞﾙｰﾐﾝｸﾞﾌﾞｰｹの香り
4987176362896,Bold ﾎﾞｰﾙﾄﾞｼﾞｪﾙﾎﾞｰﾙ4D 爽やかおひさまとﾌﾚｯｼｭｻﾎﾞﾝの香り
4987176402615,Bold ﾎﾞｰﾙﾄﾞｼﾞｪﾙﾎﾞｰﾙ4D ﾌﾚｯｼｭﾌﾗﾜｰ&ｻﾎﾞﾝの香り
4987176402615,Bold ﾎﾞｰﾙﾄﾞｼﾞｪﾙﾎﾞｰﾙ4D ﾌﾚｯｼｭﾌﾗﾜｰ&ｻﾎﾞﾝの香り
4987176362933,Bold ﾎﾞｰﾙﾄﾞｼﾞｪﾙﾎﾞｰﾙ4D Yoruのﾎﾜｲﾄﾗﾍﾞﾝﾀﾞｰ&ｼﾞｬｽﾐﾝの香り
4987176402530,Bold ﾎﾞｰﾙﾄﾞｼﾞｪﾙﾎﾞｰﾙ4D ｸﾞﾘｰﾝﾃｨｰ&ﾈﾛﾘの香り
4987176402530,Bold ﾎﾞｰﾙﾄﾞｼﾞｪﾙﾎﾞｰﾙ4D ｸﾞﾘｰﾝﾃｨｰ&ﾈﾛﾘの香り
4987176362872,Bold ﾎﾞｰﾙﾄﾞｼﾞｪﾙﾎﾞｰﾙ4D ﾎﾜｲﾄﾃｨｰ&ﾌﾛｰﾗﾙの香り
4987176362872,Bold ﾎﾞｰﾙﾄﾞｼﾞｪﾙﾎﾞｰﾙ4D ﾎﾜｲﾄﾃｨｰ&ﾌﾛｰﾗﾙの香り
4987176362872,Bold ﾎﾞｰﾙﾄﾞｼﾞｪﾙﾎﾞｰﾙ4D ﾎﾜｲﾄﾃｨｰ&ﾌﾛｰﾗﾙの香り
4987176362872,Bold ﾎﾞｰﾙﾄﾞｼﾞｪﾙﾎﾞｰﾙ4D ﾎﾜｲﾄﾃｨｰ&ﾌﾛｰﾗﾙの香り
4987176292612,Bold ﾎﾞｰﾙﾄﾞｼﾞｪﾙﾎﾞｰﾙ4D 華やかおひさまとﾌﾟﾚﾐｱﾑﾌﾞﾛｯｻﾑの香り
4987176402714,Bold ﾎﾞｰﾙﾄﾞｼﾞｪﾙﾎﾞｰﾙ4D ﾛｰｽﾞ&ｸﾞﾙｰﾐﾝｸﾞﾌﾞｰｹの香り
4987176292643,Bold ﾎﾞｰﾙﾄﾞｼﾞｪﾙﾎﾞｰﾙ4D 爽やかおひさまとﾌﾚｯｼｭｻﾎﾞﾝの香り
4987176402561,Bold ﾎﾞｰﾙﾄﾞｼﾞｪﾙﾎﾞｰﾙ4D ﾌﾚｯｼｭﾌﾗﾜｰ&ｻﾎﾞﾝの香り
4987176292407,Bold ﾎﾞｰﾙﾄﾞｼﾞｪﾙﾎﾞｰﾙ4D Yoruのﾎﾜｲﾄﾗﾍﾞﾝﾀﾞｰ&ｼﾞｬｽﾐﾝの香り
4987176402639,Bold ﾎﾞｰﾙﾄﾞｼﾞｪﾙﾎﾞｰﾙ4D ｸﾞﾘｰﾝﾃｨｰ&ﾈﾛﾘの香り
4987176336286,Bold ﾎﾞｰﾙﾄﾞｼﾞｪﾙﾎﾞｰﾙ4D ﾎﾜｲﾄﾃｨｰ&ﾌﾛｰﾗﾙの香り
4987176402882,Bold ﾎﾞｰﾙﾄﾞｼﾞｪﾙﾎﾞｰﾙ4D ﾎﾜｲﾄﾃｨｰ&ﾌﾛｰﾗﾙの香り
4987176292636,Bold ﾎﾞｰﾙﾄﾞｼﾞｪﾙﾎﾞｰﾙ4D 華やかおひさまとﾌﾟﾚﾐｱﾑﾌﾞﾛｯｻﾑの香り
4987176402745,Bold ﾎﾞｰﾙﾄﾞｼﾞｪﾙﾎﾞｰﾙ4D ﾛｰｽﾞ&ｸﾞﾙｰﾐﾝｸﾞﾌﾞｰｹの香り
4987176292735,Bold ﾎﾞｰﾙﾄﾞｼﾞｪﾙﾎﾞｰﾙ4D 爽やかおひさまとﾌﾚｯｼｭｻﾎﾞﾝの香り
4987176402677,Bold ﾎﾞｰﾙﾄﾞｼﾞｪﾙﾎﾞｰﾙ4D ﾌﾚｯｼｭﾌﾗﾜｰ&ｻﾎﾞﾝの香り
4987176292292,Bold ﾎﾞｰﾙﾄﾞｼﾞｪﾙﾎﾞｰﾙ4D Yoruのﾎﾜｲﾄﾗﾍﾞﾝﾀﾞｰ&ｼﾞｬｽﾐﾝの香り
4987176402585,Bold ﾎﾞｰﾙﾄﾞｼﾞｪﾙﾎﾞｰﾙ4D ｸﾞﾘｰﾝﾃｨｰ&ﾈﾛﾘの香り
4987176336361,Bold ﾎﾞｰﾙﾄﾞｼﾞｪﾙﾎﾞｰﾙ4D ﾎﾜｲﾄﾃｨｰ&ﾌﾛｰﾗﾙの香り
4987176402813,Bold ﾎﾞｰﾙﾄﾞｼﾞｪﾙﾎﾞｰﾙ4D ﾎﾜｲﾄﾃｨｰ&ﾌﾛｰﾗﾙの香り
4987176292438,Bold ﾎﾞｰﾙﾄﾞｼﾞｪﾙﾎﾞｰﾙ4D 華やかおひさまとﾌﾟﾚﾐｱﾑﾌﾞﾛｯｻﾑの香り
4987176292438,Bold ﾎﾞｰﾙﾄﾞｼﾞｪﾙﾎﾞｰﾙ4D 華やかおひさまとﾌﾟﾚﾐｱﾑﾌﾞﾛｯｻﾑの香り
4987176292797,Bold ﾎﾞｰﾙﾄﾞｼﾞｪﾙﾎﾞｰﾙ4D 爽やかおひさまとﾌﾚｯｼｭｻﾎﾞﾝの香り
4987176292797,Bold ﾎﾞｰﾙﾄﾞｼﾞｪﾙﾎﾞｰﾙ4D 爽やかおひさまとﾌﾚｯｼｭｻﾎﾞﾝの香り
4987176292452,Bold ﾎﾞｰﾙﾄﾞｼﾞｪﾙﾎﾞｰﾙ4D Yoruのﾎﾜｲﾄﾗﾍﾞﾝﾀﾞｰ&ｼﾞｬｽﾐﾝの香り
4987176292452,Bold ﾎﾞｰﾙﾄﾞｼﾞｪﾙﾎﾞｰﾙ4D Yoruのﾎﾜｲﾄﾗﾍﾞﾝﾀﾞｰ&ｼﾞｬｽﾐﾝの香り
4987176336385,Bold ﾎﾞｰﾙﾄﾞｼﾞｪﾙﾎﾞｰﾙ4D ﾎﾜｲﾄﾃｨｰ&ﾌﾛｰﾗﾙの香り
4987176336385,Bold ﾎﾞｰﾙﾄﾞｼﾞｪﾙﾎﾞｰﾙ4D ﾎﾜｲﾄﾃｨｰ&ﾌﾛｰﾗﾙの香り
4987176292599,Bold ﾎﾞｰﾙﾄﾞｼﾞｪﾙﾎﾞｰﾙ4D 華やかおひさまとﾌﾟﾚﾐｱﾑﾌﾞﾛｯｻﾑの香り
4987176292599,Bold ﾎﾞｰﾙﾄﾞｼﾞｪﾙﾎﾞｰﾙ4D 華やかおひさまとﾌﾟﾚﾐｱﾑﾌﾞﾛｯｻﾑの香り
4987176402646,Bold ﾎﾞｰﾙﾄﾞｼﾞｪﾙﾎﾞｰﾙ4D ﾛｰｽﾞ&ｸﾞﾙｰﾐﾝｸﾞﾌﾞｰｹの香り
4987176292766,Bold ﾎﾞｰﾙﾄﾞｼﾞｪﾙﾎﾞｰﾙ4D 爽やかおひさまとﾌﾚｯｼｭｻﾎﾞﾝの香り
4987176292766,Bold ﾎﾞｰﾙﾄﾞｼﾞｪﾙﾎﾞｰﾙ4D 爽やかおひさまとﾌﾚｯｼｭｻﾎﾞﾝの香り
4987176402493,Bold ﾎﾞｰﾙﾄﾞｼﾞｪﾙﾎﾞｰﾙ4D ﾌﾚｯｼｭﾌﾗﾜｰ&ｻﾎﾞﾝの香り
4987176292759,Bold ﾎﾞｰﾙﾄﾞｼﾞｪﾙﾎﾞｰﾙ4D Yoruのﾎﾜｲﾄﾗﾍﾞﾝﾀﾞｰ&ｼﾞｬｽﾐﾝの香り
4987176292759,Bold ﾎﾞｰﾙﾄﾞｼﾞｪﾙﾎﾞｰﾙ4D Yoruのﾎﾜｲﾄﾗﾍﾞﾝﾀﾞｰ&ｼﾞｬｽﾐﾝの香り
4987176402738,Bold ﾎﾞｰﾙﾄﾞｼﾞｪﾙﾎﾞｰﾙ4D ｸﾞﾘｰﾝﾃｨｰ&ﾈﾛﾘの香り
4987176336323,Bold ﾎﾞｰﾙﾄﾞｼﾞｪﾙﾎﾞｰﾙ4D ﾎﾜｲﾄﾃｨｰ&ﾌﾛｰﾗﾙの香り
4987176336323,Bold ﾎﾞｰﾙﾄﾞｼﾞｪﾙﾎﾞｰﾙ4D ﾎﾜｲﾄﾃｨｰ&ﾌﾛｰﾗﾙの香り
4987176402554,Bold ﾎﾞｰﾙﾄﾞｼﾞｪﾙﾎﾞｰﾙ4D ﾎﾜｲﾄﾃｨｰ&ﾌﾛｰﾗﾙの香り
4987176295828,Bold ﾎﾞｰﾙﾄﾞｼﾞｪﾙ 華やかおひさまとﾌﾟﾚﾐｱﾑﾌﾞﾛｯｻﾑの香り
4987176400390,Bold ﾎﾞｰﾙﾄﾞｼﾞｪﾙ ﾛｰｽﾞ&ｸﾞﾙｰﾐﾝｸﾞﾌﾞｰｹの香り
4987176295897,Bold ﾎﾞｰﾙﾄﾞｼﾞｪﾙ 爽やかおひさまとﾌﾚｯｼｭｻﾎﾞﾝの香り
4987176400284,Bold ﾎﾞｰﾙﾄﾞｼﾞｪﾙ ﾌﾚｯｼｭﾌﾗﾜｰ&ｻﾎﾞﾝの香り
4987176335814,Bold ﾎﾞｰﾙﾄﾞｼﾞｪﾙ ﾎﾜｲﾄﾃｨｰ&ﾌﾛｰﾗﾙの香り
4987176400420,Bold ﾎﾞｰﾙﾄﾞｼﾞｪﾙ ﾎﾜｲﾄﾃｨｰ&ﾌﾛｰﾗﾙの香り
4987176295798,Bold ﾎﾞｰﾙﾄﾞｼﾞｪﾙ 華やかおひさまとﾌﾟﾚﾐｱﾑﾌﾞﾛｯｻﾑの香り
4987176400321,Bold ﾎﾞｰﾙﾄﾞｼﾞｪﾙ ﾛｰｽﾞ&ｸﾞﾙｰﾐﾝｸﾞﾌﾞｰｹの香り
4987176295804,Bold ﾎﾞｰﾙﾄﾞｼﾞｪﾙ 爽やかおひさまとﾌﾚｯｼｭｻﾎﾞﾝの香り
4987176400352,Bold ﾎﾞｰﾙﾄﾞｼﾞｪﾙ ﾌﾚｯｼｭﾌﾗﾜｰ&ｻﾎﾞﾝの香り
4987176335739,Bold ﾎﾞｰﾙﾄﾞｼﾞｪﾙ ﾎﾜｲﾄﾃｨｰ&ﾌﾛｰﾗﾙの香り
4987176400161,Bold ﾎﾞｰﾙﾄﾞｼﾞｪﾙ ﾎﾜｲﾄﾃｨｰ&ﾌﾛｰﾗﾙの香り
4987176295743,Bold ﾎﾞｰﾙﾄﾞｼﾞｪﾙ 華やかおひさまとﾌﾟﾚﾐｱﾑﾌﾞﾛｯｻﾑの香り
4987176295712,Bold ﾎﾞｰﾙﾄﾞｼﾞｪﾙ 爽やかおひさまとﾌﾚｯｼｭｻﾎﾞﾝの香り
4987176335746,Bold ﾎﾞｰﾙﾄﾞｼﾞｪﾙ ﾎﾜｲﾄﾃｨｰ&ﾌﾛｰﾗﾙの香り
4987176295699,Bold ﾎﾞｰﾙﾄﾞｼﾞｪﾙ 華やかおひさまとﾌﾟﾚﾐｱﾑﾌﾞﾛｯｻﾑの香り
4987176400154,Bold ﾎﾞｰﾙﾄﾞｼﾞｪﾙ ﾛｰｽﾞ&ｸﾞﾙｰﾐﾝｸﾞﾌﾞｰｹの香り
4987176295668,Bold ﾎﾞｰﾙﾄﾞｼﾞｪﾙ 爽やかおひさまとﾌﾚｯｼｭｻﾎﾞﾝの香り
4987176400253,Bold ﾎﾞｰﾙﾄﾞｼﾞｪﾙ ﾌﾚｯｼｭﾌﾗﾜｰ&ｻﾎﾞﾝの香り
4987176335722,Bold ﾎﾞｰﾙﾄﾞｼﾞｪﾙ ﾎﾜｲﾄﾃｨｰ&ﾌﾛｰﾗﾙの香り
4987176400222,Bold ﾎﾞｰﾙﾄﾞｼﾞｪﾙ ﾎﾜｲﾄﾃｨｰ&ﾌﾛｰﾗﾙの香り
4987176400260,Bold ﾎﾞｰﾙﾄﾞｼﾞｪﾙ ﾛｰｽﾞ&ｸﾞﾙｰﾐﾝｸﾞﾌﾞｰｹの香り
4987176400185,Bold ﾎﾞｰﾙﾄﾞｼﾞｪﾙ ﾌﾚｯｼｭﾌﾗﾜｰ&ｻﾎﾞﾝの香り
4987176400208,Bold ﾎﾞｰﾙﾄﾞｼﾞｪﾙ ﾎﾜｲﾄﾃｨｰ&ﾌﾛｰﾗﾙの香り
4987176304179,Sarasa さらさ洗剤ｼﾞｪﾙ 本体
4987176304131,Sarasa さらさ洗剤ｼﾞｪﾙ つめかえ超特大ｻｲｽﾞ
4987176304148,Sarasa さらさ洗剤ｼﾞｪﾙ つめかえ超ｼﾞｬﾝﾎﾞｻｲｽﾞ
4987176304834,Sarasa さらさ洗剤ｼﾞｪﾙ つめかえｳﾙﾄﾗｼﾞｬﾝﾎﾞｻｲｽﾞ
4987176184597,Sarasa さらさ柔軟剤 本体
4987176184559,Sarasa さらさ柔軟剤 つめかえ超特大ｻｲｽﾞ
4987176184580,Sarasa さらさ柔軟剤 つめかえ超ｼﾞｬﾝﾎﾞｻｲｽﾞ
4987176352484,Sarasa 大人のさらさ洗剤ｼﾞｪﾙ 本体
4987176352453,Sarasa 大人のさらさ洗剤ｼﾞｪﾙ 超特大ｻｲｽﾞ
4987176352439,Sarasa 大人のさらさ洗剤ｼﾞｪﾙ 超ｼﾞｬﾝﾎﾞｻｲｽﾞ
4987176319661,Lenor ﾚﾉｱﾊﾋﾟﾈｽ夢ふわﾀｯﾁ華やかに香るｱﾝﾃｨｰｸﾛｰｽﾞの香り本体
4987176394637,Lenor ﾚﾉｱﾊﾋﾟﾈｽ夢ふわﾀｯﾁ華やかに香るｱﾝﾃｨｰｸﾛｰｽﾞの香り本体
4987176319760,Lenor ﾚﾉｱﾊﾋﾟﾈｽ夢ふわﾀｯﾁｼﾞｬｽﾐﾝ&ﾑｽｸの香り本体
4987176394934,Lenor ﾚﾉｱﾊﾋﾟﾈｽ夢ふわﾀｯﾁｼﾞｬｽﾐﾝ&ﾑｽｸの香り本体
4987176319845,Lenor ﾚﾉｱﾊﾋﾟﾈｽ夢ふわﾀｯﾁﾎﾜｲﾄﾃｨｰの香り本体
4987176394958,Lenor ﾚﾉｱﾊﾋﾟﾈｽ夢ふわﾀｯﾁﾎﾜｲﾄﾃｨｰの香り本体
4987176319753,Lenor ﾚﾉｱﾊﾋﾟﾈｽ夢ふわﾀｯﾁﾘﾗｯｸｽﾅｲﾄﾎﾜｲﾄﾑｽｸの香り本体
4987176394910,Lenor ﾚﾉｱﾊﾋﾟﾈｽ夢ふわﾀｯﾁﾘﾗｯｸｽﾅｲﾄﾎﾜｲﾄﾑｽｸの香り本体
4987176319869,Lenor ﾚﾉｱﾊﾋﾟﾈｽ夢ふわﾀｯﾁｼｬｲﾝﾏｽｶｯﾄの香り本体
4987176395214,Lenor ﾚﾉｱﾊﾋﾟﾈｽ夢ふわﾀｯﾁﾌﾗﾜｰｶﾞｰﾃﾞﾝの香り本体
4987176350312,Lenor ﾚﾉｱﾊﾋﾟﾈｽ夢ふわﾀｯﾁﾎﾜｲﾄﾌﾞｰｹ&ﾘﾈﾝの香り本体
4987176394750,Lenor ﾚﾉｱﾊﾋﾟﾈｽ夢ふわﾀｯﾁﾎﾜｲﾄﾌﾞｰｹ&ﾘﾈﾝの香り本体
4987176395245,Lenor ﾚﾉｱﾊﾋﾟﾈｽ夢ふわﾀｯﾁ華やかに香るｱﾝﾃｨｰｸﾛｰｽﾞの香りつめかえ用
4987176394941,Lenor ﾚﾉｱﾊﾋﾟﾈｽ夢ふわﾀｯﾁｼﾞｬｽﾐﾝ&ﾑｽｸの香りつめかえ用
4987176394880,Lenor ﾚﾉｱﾊﾋﾟﾈｽ夢ふわﾀｯﾁﾎﾜｲﾄﾃｨｰの香りつめかえ用
4987176395078,Lenor ﾚﾉｱﾊﾋﾟﾈｽ夢ふわﾀｯﾁﾘﾗｯｸｽﾅｲﾄﾎﾜｲﾄﾑｽｸの香りつめかえ用
4987176258687,Lenor ﾚﾉｱﾊﾋﾟﾈｽ夢ふわﾀｯﾁ華やかに香るｱﾝﾃｨｰｸﾛｰｽﾞの香り詰替増量ｻｲｽﾞ
4987176319692,Lenor ﾚﾉｱﾊﾋﾟﾈｽ夢ふわﾀｯﾁｼﾞｬｽﾐﾝ&ﾑｽｸの香り詰替増量ｻｲｽﾞ
4987176258625,Lenor ﾚﾉｱﾊﾋﾟﾈｽ夢ふわﾀｯﾁﾎﾜｲﾄﾃｨｰの香り詰替増量ｻｲｽﾞ
4987176258793,Lenor ﾚﾉｱﾊﾋﾟﾈｽ夢ふわﾀｯﾁﾘﾗｯｸｽﾅｲﾄﾎﾜｲﾄﾑｽｸの香り詰替増量ｻｲｽﾞ
4987176258748,Lenor ﾚﾉｱﾊﾋﾟﾈｽ夢ふわﾀｯﾁｼｬｲﾝﾏｽｶｯﾄの香り詰替増量ｻｲｽﾞ
4987176350336,Lenor ﾚﾉｱﾊﾋﾟﾈｽ夢ふわﾀｯﾁﾎﾜｲﾄﾌﾞｰｹ&ﾘﾈﾝの香り詰替増量ｻｲｽﾞ
4987176277213,Lenor ﾚﾉｱﾊﾋﾟﾈｽ夢ふわﾀｯﾁ華やかに香るｱﾝﾃｨｰｸﾛｰｽﾞの香り詰替用特大ｻｲｽﾞ
4987176394620,Lenor ﾚﾉｱﾊﾋﾟﾈｽ夢ふわﾀｯﾁ華やかに香るｱﾝﾃｨｰｸﾛｰｽﾞの香り詰替用特大ｻｲｽﾞ
4987176319982,Lenor ﾚﾉｱﾊﾋﾟﾈｽ夢ふわﾀｯﾁｼﾞｬｽﾐﾝ&ﾑｽｸの香り詰替用特大ｻｲｽﾞ
4987176394712,Lenor ﾚﾉｱﾊﾋﾟﾈｽ夢ふわﾀｯﾁｼﾞｬｽﾐﾝ&ﾑｽｸの香り詰替用特大ｻｲｽﾞ
4987176277206,Lenor ﾚﾉｱﾊﾋﾟﾈｽ夢ふわﾀｯﾁﾎﾜｲﾄﾃｨｰの香り詰替用特大ｻｲｽﾞ
4987176394811,Lenor ﾚﾉｱﾊﾋﾟﾈｽ夢ふわﾀｯﾁﾎﾜｲﾄﾃｨｰの香り詰替用特大ｻｲｽﾞ
4987176277282,Lenor ﾚﾉｱﾊﾋﾟﾈｽ夢ふわﾀｯﾁﾘﾗｯｸｽﾅｲﾄﾎﾜｲﾄﾑｽｸの香り詰替用特大ｻｲｽﾞ
4987176395023,Lenor ﾚﾉｱﾊﾋﾟﾈｽ夢ふわﾀｯﾁﾘﾗｯｸｽﾅｲﾄﾎﾜｲﾄﾑｽｸの香り詰替用特大ｻｲｽﾞ
4987176277176,Lenor ﾚﾉｱﾊﾋﾟﾈｽ夢ふわﾀｯﾁｼｬｲﾝﾏｽｶｯﾄの香り詰替用特大ｻｲｽﾞ
4987176395054,Lenor ﾚﾉｱﾊﾋﾟﾈｽ夢ふわﾀｯﾁﾌﾗﾜｰｶﾞｰﾃﾞﾝの香り詰替用特大ｻｲｽﾞ
4987176350350,Lenor ﾚﾉｱﾊﾋﾟﾈｽ夢ふわﾀｯﾁﾎﾜｲﾄﾌﾞｰｹ&ﾘﾈﾝの香り詰替用特大ｻｲｽﾞ
4987176395122,Lenor ﾚﾉｱﾊﾋﾟﾈｽ夢ふわﾀｯﾁﾎﾜｲﾄﾌﾞｰｹ&ﾘﾈﾝの香り詰替用特大ｻｲｽﾞ
4987176258564,Lenor ﾚﾉｱﾊﾋﾟﾈｽ夢ふわﾀｯﾁ華やかに香るｱﾝﾃｨｰｸﾛｰｽﾞの香り詰替用超特大ｻｲｽﾞ
4987176394774,Lenor ﾚﾉｱﾊﾋﾟﾈｽ夢ふわﾀｯﾁ華やかに香るｱﾝﾃｨｰｸﾛｰｽﾞの香り詰替用超特大ｻｲｽﾞ
4987176320148,Lenor ﾚﾉｱﾊﾋﾟﾈｽ夢ふわﾀｯﾁｼﾞｬｽﾐﾝ&ﾑｽｸの香り詰替用超特大ｻｲｽﾞ
4987176395115,Lenor ﾚﾉｱﾊﾋﾟﾈｽ夢ふわﾀｯﾁｼﾞｬｽﾐﾝ&ﾑｽｸの香り詰替用超特大ｻｲｽﾞ
4987176258526,Lenor ﾚﾉｱﾊﾋﾟﾈｽ夢ふわﾀｯﾁﾎﾜｲﾄﾃｨｰの香り詰替用超特大ｻｲｽﾞ
4987176394798,Lenor ﾚﾉｱﾊﾋﾟﾈｽ夢ふわﾀｯﾁﾎﾜｲﾄﾃｨｰの香り詰替用超特大ｻｲｽﾞ
4987176258496,Lenor ﾚﾉｱﾊﾋﾟﾈｽ夢ふわﾀｯﾁﾘﾗｯｸｽﾅｲﾄﾎﾜｲﾄﾑｽｸの香り詰替用超特大ｻｲｽﾞ
4987176394804,Lenor ﾚﾉｱﾊﾋﾟﾈｽ夢ふわﾀｯﾁﾘﾗｯｸｽﾅｲﾄﾎﾜｲﾄﾑｽｸの香り詰替用超特大ｻｲｽﾞ
4987176258434,Lenor ﾚﾉｱﾊﾋﾟﾈｽ夢ふわﾀｯﾁｼｬｲﾝﾏｽｶｯﾄの香り詰替用超特大ｻｲｽﾞ
4987176395177,Lenor ﾚﾉｱﾊﾋﾟﾈｽ夢ふわﾀｯﾁﾌﾗﾜｰｶﾞｰﾃﾞﾝの香り詰替用超特大ｻｲｽﾞ
4987176350367,Lenor ﾚﾉｱﾊﾋﾟﾈｽ夢ふわﾀｯﾁﾎﾜｲﾄﾌﾞｰｹ&ﾘﾈﾝの香り詰替用超特大ｻｲｽﾞ
4987176394699,Lenor ﾚﾉｱﾊﾋﾟﾈｽ夢ふわﾀｯﾁﾎﾜｲﾄﾌﾞｰｹ&ﾘﾈﾝの香り詰替用超特大ｻｲｽﾞ
4987176364357,Lenor ﾚﾉｱｱﾛﾏｼﾞｭｴﾙ ｱﾝﾃｨｰｸﾛｰｽﾞ&ﾌﾛｰﾗﾙの香り本体
4987176364234,Lenor ﾚﾉｱｱﾛﾏｼﾞｭｴﾙ ﾊﾟｽﾃﾙﾌﾛｰﾗﾙ&ﾌﾞﾛｯｻﾑの香り本体
4987176364524,Lenor ﾚﾉｱｱﾛﾏｼﾞｭｴﾙ ﾌﾞﾙｰﾐﾝｸﾞﾌﾞﾛｯｻﾑの香り本体
4987176293978,Lenor ﾚﾉｱｱﾛﾏｼﾞｭｴﾙ ﾎﾜｲﾄﾃｨｰの香り本体
4987176278418,Lenor ﾚﾉｱｱﾛﾏｼﾞｭｴﾙ ﾎﾜｲﾄﾑｽｸの香り本体
4987176356239,Lenor ﾚﾉｱｱﾛﾏｼﾞｭｴﾙ ﾎﾜｲﾄﾌﾛｰﾗﾙ&ｻﾎﾞﾝの香り本体
4987176404169,Lenor ﾚﾉｱｱﾛﾏｼﾞｭｴﾙ ｼﾞｬｽﾐﾝﾛｰｽﾞの香り本体
4987176364333,Lenor ﾚﾉｱｱﾛﾏｼﾞｭｴﾙ ｸﾞﾘｰﾝﾃｨ-の香り本体
4987176364258,Lenor ﾚﾉｱｱﾛﾏｼﾞｭｴﾙ ｱﾝﾃｨｰｸﾛｰｽﾞ&ﾌﾛｰﾗﾙの香りつめかえ用特大ｻｲｽﾞ
4987176364203,Lenor ﾚﾉｱｱﾛﾏｼﾞｭｴﾙ ﾊﾟｽﾃﾙﾌﾛｰﾗﾙ&ﾌﾞﾛｯｻﾑの香りつめかえ用特大ｻｲｽﾞ
4987176364401,Lenor ﾚﾉｱｱﾛﾏｼﾞｭｴﾙ ﾌﾞﾙｰﾐﾝｸﾞﾌﾞﾛｯｻﾑの香りつめかえ用特大ｻｲｽﾞ
4987176364609,Lenor ﾚﾉｱｱﾛﾏｼﾞｭｴﾙ ｸﾞﾘｰﾝﾃｨ-の香りつめかえ用特大ｻｲｽﾞ
4987176228741,Lenor ﾚﾉｱｱﾛﾏｼﾞｭｴﾙ ﾎﾜｲﾄﾃｨｰの香りつめかえ用特大ｻｲｽﾞ
4987176278388,Lenor ﾚﾉｱｱﾛﾏｼﾞｭｴﾙ ﾎﾜｲﾄﾑｽｸの香りつめかえ用特大ｻｲｽﾞ
4987176356253,Lenor ﾚﾉｱｱﾛﾏｼﾞｭｴﾙ ﾎﾜｲﾄﾌﾛｰﾗﾙ&ｻﾎﾞﾝの香りつめかえ用特大ｻｲｽﾞ
4987176404206,Lenor ﾚﾉｱｱﾛﾏｼﾞｭｴﾙ ｼﾞｬｽﾐﾝﾛｰｽﾞの香りつめかえ用特大ｻｲｽﾞ
4987176364289,Lenor ﾚﾉｱｱﾛﾏｼﾞｭｴﾙ ｱﾝﾃｨｰｸﾛｰｽﾞ&ﾌﾛｰﾗﾙの香りつめかえ用超特大ｻｲｽﾞ
4987176364180,Lenor ﾚﾉｱｱﾛﾏｼﾞｭｴﾙ ﾊﾟｽﾃﾙﾌﾛｰﾗﾙ&ﾌﾞﾛｯｻﾑの香りつめかえ用超特大ｻｲｽﾞ
4987176364166,Lenor ﾚﾉｱｱﾛﾏｼﾞｭｴﾙ ﾌﾞﾙｰﾐﾝｸﾞﾌﾞﾛｯｻﾑの香りつめかえ用超特大ｻｲｽﾞ
4987176364760,Lenor ﾚﾉｱｱﾛﾏｼﾞｭｴﾙ ｸﾞﾘｰﾝﾃｨ-の香りつめかえ用超特大ｻｲｽﾞ
4987176228697,Lenor ﾚﾉｱｱﾛﾏｼﾞｭｴﾙ ﾎﾜｲﾄﾃｨｰの香りつめかえ用超特大ｻｲｽﾞ
4987176278425,Lenor ﾚﾉｱｱﾛﾏｼﾞｭｴﾙ ﾎﾜｲﾄﾑｽｸの香りつめかえ用超特大ｻｲｽﾞ
4987176356284,Lenor ﾚﾉｱｱﾛﾏｼﾞｭｴﾙ ﾎﾜｲﾄﾌﾛｰﾗﾙ&ｻﾎﾞﾝの香りつめかえ用超特大ｻｲｽﾞ
4987176404183,Lenor ﾚﾉｱｱﾛﾏｼﾞｭｴﾙ ｼﾞｬｽﾐﾝﾛｰｽﾞの香りつめかえ用超特大ｻｲｽﾞ
4987176310163,Lenor ﾚﾉｱｵｰﾄﾞﾘｭｸｽﾋﾞｰｽﾞ ﾘﾘｰ&ｼﾞｬｽﾐﾝの香り本体
4987176310149,Lenor ﾚﾉｱｵｰﾄﾞﾘｭｸｽﾋﾞｰｽﾞ ﾎﾜｲﾄﾑｽｸ&ｱﾌﾟﾘｺｯﾄの香り本体
4987176401113,Lenor ﾚﾉｱｵｰﾄﾞﾘｭｸｽﾋﾞｰｽﾞ ｱｰﾙｸﾞﾚｲ＆ﾈﾛﾘの香り本体
4987176310200,Lenor ﾚﾉｱｵｰﾄﾞﾘｭｸｽﾋﾞｰｽﾞ ﾘﾘｰ&ｼﾞｬｽﾐﾝの香りつめかえ用特大ｻｲｽﾞ
4987176310217,Lenor ﾚﾉｱｵｰﾄﾞﾘｭｸｽﾋﾞｰｽﾞ ﾎﾜｲﾄﾑｽｸ&ｱﾌﾟﾘｺｯﾄの香りつめかえ用特大ｻｲｽﾞ
4987176401090,Lenor ﾚﾉｱｵｰﾄﾞﾘｭｸｽﾋﾞｰｽﾞ ｱｰﾙｸﾞﾚｲ＆ﾈﾛﾘの香りつめかえ用特大ｻｲｽﾞ
4987176329950,Lenor ﾚﾉｱｵｰﾄﾞﾘｭｸｽﾋﾞｰｽﾞ ﾘﾘｰ&ｼﾞｬｽﾐﾝの香りつめかえ用超特大ｻｲｽﾞ
4987176329929,Lenor ﾚﾉｱｵｰﾄﾞﾘｭｸｽﾋﾞｰｽﾞ ﾎﾜｲﾄﾑｽｸ&ｱﾌﾟﾘｺｯﾄの香りつめかえ用超特大ｻｲｽﾞ
4987176401168,Lenor ﾚﾉｱｵｰﾄﾞﾘｭｸｽﾋﾞｰｽﾞ ｱｰﾙｸﾞﾚｲ＆ﾈﾛﾘの香りつめかえ用超特大ｻｲｽﾞ
4987176277992,Lenor ﾚﾉｱｵｰﾄﾞﾘｭｸｽｲﾉｾﾝﾄﾘﾘｰ&ｼﾞｬｽﾐﾝの香り本体
4987176392756,Lenor ﾚﾉｱｵｰﾄﾞﾘｭｸｽｲﾉｾﾝﾄﾘﾘｰ&ｼﾞｬｽﾐﾝの香り本体
4987176278050,Lenor ﾚﾉｱｵｰﾄﾞﾘｭｸｽﾎﾜｲﾄﾑｽｸの香り本体
4987176392879,Lenor ﾚﾉｱｵｰﾄﾞﾘｭｸｽﾎﾜｲﾄﾑｽｸの香り本体
4987176350091,Lenor ﾚﾉｱｵｰﾄﾞﾘｭｸｽﾊﾞﾌﾞﾙﾊﾞｽの香り本体
4987176392930,Lenor ﾚﾉｱｵｰﾄﾞﾘｭｸｽﾊﾞﾌﾞﾙﾊﾞｽの香り本体
4987176278067,Lenor ﾚﾉｱｵｰﾄﾞﾘｭｸｽｲﾉｾﾝﾄﾘﾘｰ&ｼﾞｬｽﾐﾝの香りつめかえ用特大ｻｲｽﾞ
4987176392862,Lenor ﾚﾉｱｵｰﾄﾞﾘｭｸｽｲﾉｾﾝﾄﾘﾘｰ&ｼﾞｬｽﾐﾝの香りつめかえ用特大ｻｲｽﾞ
4987176278029,Lenor ﾚﾉｱｵｰﾄﾞﾘｭｸｽﾎﾜｲﾄﾑｽｸの香りつめかえ用特大ｻｲｽﾞ
4987176392824,Lenor ﾚﾉｱｵｰﾄﾞﾘｭｸｽﾎﾜｲﾄﾑｽｸの香りつめかえ用特大ｻｲｽﾞ
4987176350114,Lenor ﾚﾉｱｵｰﾄﾞﾘｭｸｽﾊﾞﾌﾞﾙﾊﾞｽの香り特大ｻｲｽﾞ
4987176392961,Lenor ﾚﾉｱｵｰﾄﾞﾘｭｸｽﾊﾞﾌﾞﾙﾊﾞｽの香り特大ｻｲｽﾞ
4987176278081,Lenor ﾚﾉｱｵｰﾄﾞﾘｭｸｽｲﾉｾﾝﾄﾘﾘｰ&ｼﾞｬｽﾐﾝの香りつめかえ用超特大ｻｲｽﾞ
4987176392831,Lenor ﾚﾉｱｵｰﾄﾞﾘｭｸｽｲﾉｾﾝﾄﾘﾘｰ&ｼﾞｬｽﾐﾝの香りつめかえ用超特大ｻｲｽﾞ
4987176278012,Lenor ﾚﾉｱｵｰﾄﾞﾘｭｸｽﾎﾜｲﾄﾑｽｸの香りつめかえ用超特大ｻｲｽﾞ
4987176392787,Lenor ﾚﾉｱｵｰﾄﾞﾘｭｸｽﾎﾜｲﾄﾑｽｸの香りつめかえ用超特大ｻｲｽﾞ
4987176350138,Lenor ﾚﾉｱｵｰﾄﾞﾘｭｸｽﾊﾞﾌﾞﾙﾊﾞｽの香りつめかえ用超特大ｻｲｽﾞ
4987176392909,Lenor ﾚﾉｱｵｰﾄﾞﾘｭｸｽﾊﾞﾌﾞﾙﾊﾞｽの香りつめかえ用超特大ｻｲｽﾞ
4987176353498,Lenor ﾚﾉｱ超消臭みずみずしく香るﾌﾚｯｼｭｸﾞﾘｰﾝの香り本体
4987176353436,Lenor ﾚﾉｱ超消臭みずみずしく香るﾌﾛｰﾗﾙﾌﾞｰｹ香り本体
4987176353634,Lenor ﾚﾉｱ超消臭SPORTSﾌﾚｯｼｭｼﾄﾗｽの香り本体
4987176353429,Lenor ﾚﾉｱ超消臭部屋干しおひさまの香り本体
4987176353559,Lenor ﾚﾉｱ超消臭極やわ仕上げふんわりｼｬﾎﾞﾝの香り本体
4987176353542,Lenor ﾚﾉｱ超消臭極やわ仕上げふんわりﾌﾞﾛｯｻﾑの香り本体
4987176353450,Lenor ﾚﾉｱ超消臭みずみずしく香るﾌﾚｯｼｭｸﾞﾘｰﾝの香りつめかえ用
4987176353443,Lenor ﾚﾉｱ超消臭みずみずしく香るﾌﾛｰﾗﾙﾌﾞｰｹの香りつめかえ用
4987176353719,Lenor ﾚﾉｱ超消臭SPORTSﾌﾚｯｼｭｼﾄﾗｽの香りつめかえ用
4987176353795,Lenor ﾚﾉｱ超消臭部屋干しおひさまの香りつめかえ用
4987176353528,Lenor ﾚﾉｱ超消臭極やわ仕上げふんわりｼｬﾎﾞﾝの香りつめかえ用
4987176353832,Lenor ﾚﾉｱ超消臭極やわ仕上げふんわりﾌﾞﾛｯｻﾑの香りつめかえ用
4987176353672,Lenor ﾚﾉｱ超消臭みずみずしく香るﾌﾚｯｼｭｸﾞﾘｰﾝの香りつめかえ用特大ｻｲｽﾞ
4987176353610,Lenor ﾚﾉｱ超消臭みずみずしく香るﾌﾛｰﾗﾙﾌﾞｰｹの香りつめかえ用特大ｻｲｽﾞ
4987176353689,Lenor ﾚﾉｱ超消臭SPORTSﾌﾚｯｼｭｼﾄﾗｽの香りつめかえ用特大ｻｲｽﾞ
4987176353580,Lenor ﾚﾉｱ超消臭部屋干しおひさまの香りつめかえ用特大ｻｲｽﾞ
4987176353771,Lenor ﾚﾉｱ超消臭極やわ仕上げふんわりﾌﾞﾛｯｻﾑの香りつめかえ用特大ｻｲｽﾞ
4987176353801,Lenor ﾚﾉｱ超消臭極やわ仕上げふんわりｼｬﾎﾞﾝの香りつめかえ用特大ｻｲｽﾞ
4987176353955,Lenor ﾚﾉｱ超消臭みずみずしく香るﾌﾚｯｼｭｸﾞﾘｰﾝの香りつめかえ用超特大ｻｲｽﾞ
4987176353764,Lenor ﾚﾉｱ超消臭みずみずしく香るﾌﾛｰﾗﾙﾌﾞｰｹの香りつめかえ用超特大ｻｲｽﾞ
4987176353726,Lenor ﾚﾉｱ超消臭SPORTSﾌﾚｯｼｭｼﾄﾗｽの香りつめかえ用超特大ｻｲｽﾞ
4987176353658,Lenor ﾚﾉｱ超消臭部屋干しおひさまの香りつめかえ用超特大ｻｲｽﾞ
4987176353979,Lenor ﾚﾉｱ超消臭極やわ仕上げふんわりｼｬﾎﾞﾝの香りつめかえ用超特大ｻｲｽﾞ
4987176353894,Lenor ﾚﾉｱ超消臭極やわ仕上げふんわりﾌﾞﾛｯｻﾑの香りつめかえ用超特大ｻｲｽﾞ
4987176301246,Lenor ﾚﾉｱ煮沸ﾚﾍﾞﾙ消臭抗菌ﾋﾞｰｽﾞ ｽﾎﾟｰﾂ
4987176317285,Lenor ﾚﾉｱ煮沸ﾚﾍﾞﾙ消臭抗菌ﾋﾞｰｽﾞ 黄ばみﾌﾞﾛｯｶｰ
4987176301253,Lenor ﾚﾉｱ煮沸ﾚﾍﾞﾙ消臭抗菌ﾋﾞｰｽﾞ 洗濯槽の防ｶﾋﾞ
4987176301314,Lenor ﾚﾉｱ煮沸ﾚﾍﾞﾙ消臭抗菌ﾋﾞｰｽﾞ部屋干し 花とおひさまの香り本体
4987176323033,Lenor ﾚﾉｱ煮沸ﾚﾍﾞﾙ消臭抗菌ﾋﾞｰｽﾞみずみずしく香るﾌﾚｯｼｭｸﾞﾘｰﾝの香り本体
4987176371560,Lenor ﾚﾉｱ煮沸ﾚﾍﾞﾙ消臭抗菌ﾋﾞｰｽﾞﾋﾟｭｱﾌﾞｰｹ&ｿｰﾌﾟの香り本体
4987176301291,Lenor ﾚﾉｱ煮沸ﾚﾍﾞﾙ消臭抗菌ﾋﾞｰｽﾞMEN清潔感あふれるﾑｽｸの香り本体
4987176243881,Lenor ﾚﾉｱ煮沸ﾚﾍﾞﾙ消臭抗菌ﾋﾞｰｽﾞ ｽﾎﾟｰﾂ
4987176243959,Lenor ﾚﾉｱ煮沸ﾚﾍﾞﾙ消臭抗菌ﾋﾞｰｽﾞ 黄ばみﾌﾞﾛｯｶｰ
4987176247476,Lenor ﾚﾉｱ煮沸ﾚﾍﾞﾙ消臭抗菌ﾋﾞｰｽﾞ 洗濯槽の防ｶﾋﾞ
4987176243997,Lenor ﾚﾉｱ煮沸ﾚﾍﾞﾙ消臭抗菌ﾋﾞｰｽﾞ部屋干し 花とおひさまの香りつめかえ用特大
4987176323040,Lenor ﾚﾉｱ煮沸ﾚﾍﾞﾙ消臭抗菌ﾋﾞｰｽﾞみずみずしく香るﾌﾚｯｼｭｸﾞﾘｰﾝの香りつめかえ用特大
4987176371591,Lenor ﾚﾉｱ煮沸ﾚﾍﾞﾙ消臭抗菌ﾋﾞｰｽﾞﾋﾟｭｱﾌﾞｰｹ&ｿｰﾌﾟの香りつめかえ用特大
4987176301277,Lenor ﾚﾉｱ煮沸ﾚﾍﾞﾙ消臭抗菌ﾋﾞｰｽﾞMEN清潔感あふれるﾑｽｸの香りつめかえ用特大
4987176243928,Lenor ﾚﾉｱ煮沸ﾚﾍﾞﾙ消臭抗菌ﾋﾞｰｽﾞ ｽﾎﾟｰﾂ
4987176243898,Lenor ﾚﾉｱ煮沸ﾚﾍﾞﾙ消臭抗菌ﾋﾞｰｽﾞ 黄ばみﾌﾞﾛｯｶｰ
4987176247483,Lenor ﾚﾉｱ煮沸ﾚﾍﾞﾙ消臭抗菌ﾋﾞｰｽﾞ 洗濯槽の防ｶﾋﾞ
4987176243942,Lenor ﾚﾉｱ煮沸ﾚﾍﾞﾙ消臭抗菌ﾋﾞｰｽﾞ部屋干し 花とおひさまの香りつめかえ用超特大
4987176340238,Lenor ﾚﾉｱ煮沸ﾚﾍﾞﾙ消臭抗菌ﾋﾞｰｽﾞみずみずしく香るﾌﾚｯｼｭｸﾞﾘｰﾝの香りつめかえ用超特大
4987176371607,Lenor ﾚﾉｱ煮沸ﾚﾍﾞﾙ消臭抗菌ﾋﾞｰｽﾞﾋﾟｭｱﾌﾞｰｹ&ｿｰﾌﾟの香りつめかえ用超特大
4987176301208,Lenor ﾚﾉｱ煮沸ﾚﾍﾞﾙ消臭抗菌ﾋﾞｰｽﾞMEN清潔感あふれるﾑｽｸの香りつめかえ用超特大
4987176387073,Lenor ﾚﾉｱｸｴﾝ酸in超消臭部屋干しﾌﾚｯｼｭｸﾞﾘｰﾝの香り本体
4987176386991,Lenor ﾚﾉｱｸｴﾝ酸in超消臭SPORTSﾘﾌﾚｯｼｭﾘﾘｰの香り本体
4987176387011,Lenor ﾚﾉｱｸｴﾝ酸in超消臭超無臭さわやかｼﾄﾗｽの香り本体
4987176386977,Lenor ﾚﾉｱｸｴﾝ酸in超消臭部屋干しﾌﾚｯｼｭｸﾞﾘｰﾝの香りつめかえ用特大ｻｲｽﾞ
4987176386960,Lenor ﾚﾉｱｸｴﾝ酸in超消臭SPORTSﾘﾌﾚｯｼｭﾘﾘｰの香りつめかえ用特大ｻｲｽﾞ
4987176387080,Lenor ﾚﾉｱｸｴﾝ酸in超消臭超無臭さわやかｼﾄﾗｽの香りつめかえ用特大ｻｲｽﾞ
4987176387035,Lenor ﾚﾉｱｸｴﾝ酸in超消臭部屋干しﾌﾚｯｼｭｸﾞﾘｰﾝの香りつめかえ用超特大ｻｲｽﾞ
4987176387103,Lenor ﾚﾉｱｸｴﾝ酸in超消臭SPORTSﾘﾌﾚｯｼｭﾘﾘｰの香りつめかえ用超特大ｻｲｽﾞ
4987176387042,Lenor ﾚﾉｱｸｴﾝ酸in超消臭超無臭さわやかｼﾄﾗｽの香りつめかえ用超特大ｻｲｽﾞ
4987176260727,Lenor ﾚﾉｱﾘｾｯﾄｾﾗﾑﾎﾜｲﾄﾋﾟｰﾁ&ｶﾓﾐｰﾙの香り本体
4987176260734,Lenor ﾚﾉｱﾘｾｯﾄｾﾗﾑﾎﾜｲﾄﾘﾘｰの香り本体
4987176260703,Lenor ﾚﾉｱﾘｾｯﾄｾﾗﾑﾐﾈﾗﾙｼﾞｬｽﾐﾝの香り本体
4987176260659,Lenor ﾚﾉｱﾘｾｯﾄｾﾗﾑﾎﾜｲﾄﾋﾟｰﾁ&ｶﾓﾐｰﾙの香りつめかえ用特大ｻｲｽﾞ
4987176260635,Lenor ﾚﾉｱﾘｾｯﾄｾﾗﾑﾎﾜｲﾄﾘﾘｰの香りつめかえ用特大ｻｲｽﾞ
4987176260666,Lenor ﾚﾉｱﾘｾｯﾄｾﾗﾑﾐﾈﾗﾙｼﾞｬｽﾐﾝの香りつめかえ用特大ｻｲｽﾞ
4987176260574,Lenor ﾚﾉｱﾘｾｯﾄｾﾗﾑﾎﾜｲﾄﾋﾟｰﾁ&ｶﾓﾐｰﾙの香りつめかえ用超特大ｻｲｽﾞ
4987176260628,Lenor ﾚﾉｱﾘｾｯﾄｾﾗﾑﾎﾜｲﾄﾘﾘｰの香りつめかえ用超特大ｻｲｽﾞ
4987176260581,Lenor ﾚﾉｱﾘｾｯﾄｾﾗﾑﾐﾈﾗﾙｼﾞｬｽﾐﾝの香りつめかえ用超特大ｻｲｽﾞ
4987176118219,Joy 除菌ｼﾞｮｲｺﾝﾊﾟｸﾄ 本体
4987176118257,Joy 除菌ｼﾞｮｲｺﾝﾊﾟｸﾄ 緑茶の香り
4987176118394,Joy 除菌ｼﾞｮｲｺﾝﾊﾟｸﾄ 贅沢ｼﾄﾗｽﾚﾓﾝの香り
4987176118325,Joy 除菌ｼﾞｮｲｺﾝﾊﾟｸﾄ 贅沢ｼﾄﾗｽｵﾚﾝｼﾞの香り
4987176118172,Joy 除菌ｼﾞｮｲｺﾝﾊﾟｸﾄ 逆さﾎﾞﾄﾙ
4987176118295,Joy 除菌ｼﾞｮｲｺﾝﾊﾟｸﾄ 緑茶の香り
4987176118240,Joy 除菌ｼﾞｮｲｺﾝﾊﾟｸﾄ 贅沢ｼﾄﾗｽﾚﾓﾝの香り
4987176118363,Joy 除菌ｼﾞｮｲｺﾝﾊﾟｸﾄW消臭 ﾌﾚｯｼｭｸﾘｰﾝ
4987176118226,Joy 除菌ｼﾞｮｲｺﾝﾊﾟｸﾄ 贅沢ｼﾄﾗｽｵﾚﾝｼﾞの香り
4987176118387,Joy 除菌ｼﾞｮｲｺﾝﾊﾟｸﾄ 贅沢ｸﾞﾚｰﾌﾟﾌﾙｰﾂの香り
4987176387967,Joy 除菌ｼﾞｮｲｺﾝﾊﾟｸﾄ 贅沢ﾗｲﾑ＆ｴﾙﾀﾞｰﾌﾗﾜｰの香り逆さﾎﾞﾄﾙ
4987176239075,Joy 除菌ｼﾞｮｲｺﾝﾊﾟｸﾄ ｷｬｯﾌﾟ付き詰替
4987176239099,Joy 除菌ｼﾞｮｲｺﾝﾊﾟｸﾄ 緑茶の香り
4987176239082,Joy 除菌ｼﾞｮｲｺﾝﾊﾟｸﾄ 贅沢ｼﾄﾗｽﾚﾓﾝの香り
4987176239068,Joy 除菌ｼﾞｮｲｺﾝﾊﾟｸﾄ 贅沢ｼﾄﾗｽｵﾚﾝｼﾞの香り
4987176118868,Joy 除菌ｼﾞｮｲｺﾝﾊﾟｸﾄ 詰替特大
4987176118608,Joy 除菌ｼﾞｮｲｺﾝﾊﾟｸﾄ 緑茶の香り
4987176118806,Joy 除菌ｼﾞｮｲｺﾝﾊﾟｸﾄ 贅沢ｼﾄﾗｽﾚﾓﾝの香り
4987176118585,Joy 除菌ｼﾞｮｲｺﾝﾊﾟｸﾄW消臭 ﾌﾚｯｼｭｸﾘｰﾝ
4987176118783,Joy 除菌ｼﾞｮｲｺﾝﾊﾟｸﾄ 贅沢ｼﾄﾗｽｵﾚﾝｼﾞの香り
4987176118400,Joy 除菌ｼﾞｮｲｺﾝﾊﾟｸﾄ 贅沢ｸﾞﾚｰﾌﾟﾌﾙｰﾂの香り
4987176407771,Joy 除菌ｼﾞｮｲｺﾝﾊﾟｸﾄ 贅沢ﾗｲﾑ&ｴﾙﾀﾞｰﾌﾗﾜｰの香り
4987176118820,Joy 除菌ｼﾞｮｲｺﾝﾊﾟｸﾄ 詰替超特大
4987176118646,Joy 除菌ｼﾞｮｲｺﾝﾊﾟｸﾄ 緑茶の香り
4987176118509,Joy 除菌ｼﾞｮｲｺﾝﾊﾟｸﾄ 贅沢ｼﾄﾗｽﾚﾓﾝの香り
4987176118523,Joy 除菌ｼﾞｮｲｺﾝﾊﾟｸﾄ 贅沢ｼﾄﾗｽｵﾚﾝｼﾞの香り
4987176118684,Joy 除菌ｼﾞｮｲｺﾝﾊﾟｸﾄ 贅沢ｸﾞﾚｰﾌﾟﾌﾙｰﾂの香り
4987176408921,Joy 除菌ｼﾞｮｲｺﾝﾊﾟｸﾄ 贅沢ﾗｲﾑ&ｴﾙﾀﾞｰﾌﾗﾜｰの香り
4987176118660,Joy 除菌ｼﾞｮｲｺﾝﾊﾟｸﾄW消臭 ﾌﾚｯｼｭｸﾘｰﾝ
4987176290120,Joy 除菌ｼﾞｮｲｺﾝﾊﾟｸﾄ 詰替ｼﾞｬﾝﾎﾞｻｲｽﾞ
4987176290236,Joy 除菌ｼﾞｮｲｺﾝﾊﾟｸﾄ 緑茶の香り
4987176290182,Joy 除菌ｼﾞｮｲｺﾝﾊﾟｸﾄ 贅沢ｼﾄﾗｽｵﾚﾝｼﾞの香り
4987176290205,Joy 除菌ｼﾞｮｲｺﾝﾊﾟｸﾄ 贅沢ｼﾄﾗｽﾚﾓﾝの香り
4987176408969,Joy 除菌ｼﾞｮｲｺﾝﾊﾟｸﾄ 贅沢ﾗｲﾑ&ｴﾙﾀﾞｰﾌﾗﾜｰの香り
4987176290038,Joy 除菌ｼﾞｮｲｺﾝﾊﾟｸﾄ 詰替超ｼﾞｬﾝﾎﾞｻｲｽﾞ
4987176290069,Joy 除菌ｼﾞｮｲｺﾝﾊﾟｸﾄ 贅沢ｼﾄﾗｽﾚﾓﾝの香り
4987176290052,Joy 除菌ｼﾞｮｲｺﾝﾊﾟｸﾄ 緑茶の香り
4987176290007,Joy 除菌ｼﾞｮｲｺﾝﾊﾟｸﾄ 贅沢ｼﾄﾗｽｵﾚﾝｼﾞの香り
4987176290113,Joy 除菌ｼﾞｮｲｺﾝﾊﾟｸﾄ 贅沢ｸﾞﾚｰﾌﾟﾌﾙｰﾂの香り
4987176290083,Joy 除菌ｼﾞｮｲｺﾝﾊﾟｸﾄW消臭 ﾌﾚｯｼｭｸﾘｰﾝ
4987176409010,Joy 除菌ｼﾞｮｲｺﾝﾊﾟｸﾄ 贅沢ﾗｲﾑ&ｴﾙﾀﾞｰﾌﾗﾜｰの香り
4987176323491,Joy ｼﾞｮｲPRO洗浄まとめ洗い用本体
4987176323538,Joy ｼﾞｮｲPRO洗浄すぐ洗い用本体
4987176323583,Joy ｼﾞｮｲPRO洗浄まとめ洗い用 逆さﾎﾞﾄﾙ
4987176229328,Joy ｼﾞｮｲPRO洗浄まとめ洗い用 詰替
4987176229311,Joy ｼﾞｮｲPRO洗浄すぐ洗い用 詰替
4987176229403,Joy ｼﾞｮｲPRO洗浄まとめ洗い用詰替特大
4987176229366,Joy ｼﾞｮｲPRO洗浄すぐ洗い用詰替特大
4987176229397,Joy ｼﾞｮｲPRO洗浄まとめ洗い用詰替超特大
4987176229342,Joy ｼﾞｮｲPRO洗浄すぐ洗い用詰替超特大
4902430898959,Joy ｼﾞｮｲｵｰﾙｲﾝﾜﾝ泡ｽﾌﾟﾚｰ微香ﾀｲﾌﾟ 詰替3回分
4987176027573,Joy 除菌ｼﾞｮｲｵｰﾙｲﾝﾜﾝ泡ｽﾌﾟﾚｰ 微香
4987176027634,Joy 除菌ｼﾞｮｲｵｰﾙｲﾝﾜﾝ泡ｽﾌﾟﾚｰ 緑茶の香り
4987176109507,Joy ｼﾞｮｲｵｰﾙｲﾝﾜﾝ泡ｽﾌﾟﾚｰ微香ﾀｲﾌﾟ 本体
4987176109477,Joy 除菌ｼﾞｮｲｵｰﾙｲﾝﾜﾝ泡ｽﾌﾟﾚｰ 微香
4987176109484,Joy 除菌ｼﾞｮｲｵｰﾙｲﾝﾜﾝ泡ｽﾌﾟﾚｰ 緑茶の香り
4987176154460,Joy ｼﾞｮｲｼﾞｪﾙﾀﾌﾞ13P
4987176388759,Joy ｼﾞｮｲｼﾞｪﾙﾀﾌﾞ9P
4987176230904,Joy ｼﾞｮｲｼﾞｪﾙﾀﾌﾞｸﾘｽﾀﾙ13P
4987176388803,Joy ｼﾞｮｲｼﾞｪﾙﾀﾌﾞｵﾚﾝｼﾞﾊﾟｯｹｰｼﾞ9P
4987176154439,Joy ｼﾞｮｲｼﾞｪﾙﾀﾌﾞ32P
4987176230966,Joy ｼﾞｮｲｼﾞｪﾙﾀﾌﾞｸﾘｽﾀﾙ32P
4987176388827,Joy ｼﾞｮｲｼﾞｪﾙﾀﾌﾞｵﾚﾝｼﾞﾊﾟｯｹｰｼﾞ32P
4987176154453,Joy ｼﾞｮｲｼﾞｪﾙﾀﾌﾞ48P
4987176230935,Joy ｼﾞｮｲｼﾞｪﾙﾀﾌﾞｸﾘｽﾀﾙ48P
4987176388889,Joy ｼﾞｮｲｼﾞｪﾙﾀﾌﾞｵﾚﾝｼﾞﾊﾟｯｹｰｼﾞ48P
4987176187963,Joy ｼﾞｮｲｼﾞｪﾙﾀﾌﾞ76P
4987176230843,Joy ｼﾞｮｲｼﾞｪﾙﾀﾌﾞｸﾘｽﾀﾙ76P
4987176388872,Joy ｼﾞｮｲｼﾞｪﾙﾀﾌﾞｵﾚﾝｼﾞﾊﾟｯｹｰｼﾞ76P
4902430708487,Joy 食洗機用ｼﾞｮｲ 除菌
4902430708494,Joy 食洗機用ｼﾞｮｲ ｵﾚﾝｼﾞﾋﾟｰﾙ成分入り
4902430777537,Joy 食洗機用ｼﾞｮｲ 除菌
4902430777360,Joy 食洗機用ｼﾞｮｲ ｵﾚﾝｼﾞﾋﾟｰﾙ成分入り
4987176411266,Joy 食洗機用ｼﾞｮｲ 除菌
4987176411235,Joy 食洗機用ｼﾞｮｲ ｵﾚﾝｼﾞﾋﾟｰﾙ成分入り
4987176350206,Joy さらさ食器用洗剤 本体
4987176350237,Joy さらさ食器用洗剤 詰替特大
4987176350244,Joy さらさ食器用洗剤 詰替超特大
4987176286307,Febreze ﾌｧﾌﾞﾘｰｽﾞW除菌
4987176286260,Febreze ﾌｧﾌﾞﾘｰｽﾞW除菌 ほのかな緑茶の香り
4987176286284,Febreze ﾌｧﾌﾞﾘｰｽﾞW除菌 無香料
4987176386434,Febreze ﾌｧﾌﾞﾘｰｽﾞ 消臭+除菌ﾌﾟﾚﾐｱﾑ
4987176386519,Febreze ﾌｧﾌﾞﾘｰｽﾞ 消臭+除菌ﾌﾟﾚﾐｱﾑ
4987176386571,Febreze ﾌｧﾌﾞﾘｰｽﾞ 消臭+除菌ﾌﾟﾚﾐｱﾑﾒﾝ
4987176386526,Febreze ﾌｧﾌﾞﾘｰｽﾞ 消臭+除菌ﾌﾟﾚﾐｱﾑ
4987176372031,Febreze ﾌｧﾌﾞﾘｰｽﾞ 消臭+除菌ﾌﾟﾚﾐｱﾑ
4902430642699,Febreze ﾌｧﾌﾞﾘｰｽﾞ with
4902430858229,Febreze ﾌｧﾌﾞﾘｰｽﾞ ﾅﾁｭﾘｽ
4902430877701,Febreze ﾌｧﾌﾞﾘｰｽﾞ ﾅﾁｭﾘｽ
4987176261199,Febreze ﾌｧﾌﾞﾘｰｽﾞ速乾ｼﾞｪｯﾄ ふんわりおひさまの香り
4987176261335,Febreze ﾌｧﾌﾞﾘｰｽﾞ速乾ｼﾞｪｯﾄ あらいたてのお洗濯の香り
4987176261175,Febreze ﾌｧﾌﾞﾘｰｽﾞ速乾ｼﾞｪｯﾄ 無香料
4987176286482,Febreze ﾌｧﾌﾞﾘｰｽﾞW除菌 つめかえ
4987176286475,Febreze ﾌｧﾌﾞﾘｰｽﾞW除菌 ほのかな緑茶の香り
4987176286451,Febreze ﾌｧﾌﾞﾘｰｽﾞW除菌 無香料
4987176386564,Febreze ﾌｧﾌﾞﾘｰｽﾞ 消臭+除菌ﾌﾟﾚﾐｱﾑ
4987176386502,Febreze ﾌｧﾌﾞﾘｰｽﾞ 消臭+除菌ﾌﾟﾚﾐｱﾑ
4987176386496,Febreze ﾌｧﾌﾞﾘｰｽﾞ 消臭+除菌ﾌﾟﾚﾐｱﾑﾒﾝ
4987176386441,Febreze ﾌｧﾌﾞﾘｰｽﾞ 消臭+除菌ﾌﾟﾚﾐｱﾑ
4987176371973,Febreze ﾌｧﾌﾞﾘｰｽﾞ 消臭+除菌ﾌﾟﾚﾐｱﾑ
4902430642927,Febreze ﾌｧﾌﾞﾘｰｽﾞ with
4902430858243,Febreze ﾌｧﾌﾞﾘｰｽﾞ ﾅﾁｭﾘｽ
4902430877725,Febreze ﾌｧﾌﾞﾘｰｽﾞ ﾅﾁｭﾘｽ
4987176261328,Febreze ﾌｧﾌﾞﾘｰｽﾞ速乾ｼﾞｪｯﾄ ふんわりおひさまの香り
4987176261281,Febreze ﾌｧﾌﾞﾘｰｽﾞ速乾ｼﾞｪｯﾄ あらいたてのお洗濯の香り
4987176261267,Febreze ﾌｧﾌﾞﾘｰｽﾞ速乾ｼﾞｪｯﾄ 無香料
4987176286406,Febreze ﾌｧﾌﾞﾘｰｽﾞW除菌 つめかえ特大ｻｲｽﾞ
4987176286321,Febreze ﾌｧﾌﾞﾘｰｽﾞW除菌 ほのかな緑茶の香り
4987176286376,Febreze ﾌｧﾌﾞﾘｰｽﾞW除菌 無香料
4987176386533,Febreze ﾌｧﾌﾞﾘｰｽﾞ 消臭+除菌ﾌﾟﾚﾐｱﾑ
4987176386489,Febreze ﾌｧﾌﾞﾘｰｽﾞ 消臭+除菌ﾌﾟﾚﾐｱﾑ
4987176386557,Febreze ﾌｧﾌﾞﾘｰｽﾞ 消臭+除菌ﾌﾟﾚﾐｱﾑﾒﾝ
4987176386427,Febreze ﾌｧﾌﾞﾘｰｽﾞ 消臭+除菌ﾌﾟﾚﾐｱﾑ
4987176372017,Febreze ﾌｧﾌﾞﾘｰｽﾞ 消臭+除菌ﾌﾟﾚﾐｱﾑ
4987176069955,Febreze ﾌｧﾌﾞﾘｰｽﾞ ﾅﾁｭﾘｽ
4987176261380,Febreze ﾌｧﾌﾞﾘｰｽﾞ速乾ｼﾞｪｯﾄ ふんわりおひさまの香り
4987176261359,Febreze ﾌｧﾌﾞﾘｰｽﾞ速乾ｼﾞｪｯﾄ あらいたてのお洗濯の香り
4987176261250,Febreze ﾌｧﾌﾞﾘｰｽﾞ速乾ｼﾞｪｯﾄ 無香料
4902430113502,Febreze ﾌｧﾌﾞﾘｰｽﾞW除菌10L詰替え用
4987176286383,Febreze ﾌｧﾌﾞﾘｰｽﾞW除菌 つめかえ用4回分
4987176286345,Febreze ﾌｧﾌﾞﾘｰｽﾞW除菌 無香料
4987176286505,Febreze ﾌｧﾌﾞﾘｰｽﾞW除菌 ほのかな緑茶の香りつめかえ用4回分
4987176386472,Febreze ﾌｧﾌﾞﾘｰｽﾞ 消臭+除菌ﾌﾟﾚﾐｱﾑ
4987176386465,Febreze ﾌｧﾌﾞﾘｰｽﾞ 消臭+除菌ﾌﾟﾚﾐｱﾑ
4987176386540,Febreze ﾌｧﾌﾞﾘｰｽﾞ 消臭+除菌ﾌﾟﾚﾐｱﾑﾒﾝ
4987176386458,Febreze ﾌｧﾌﾞﾘｰｽﾞ 消臭+除菌ﾌﾟﾚﾐｱﾑ
4987176371997,Febreze ﾌｧﾌﾞﾘｰｽﾞ 消臭+除菌ﾌﾟﾚﾐｱﾑ
4902430036023,Febreze 置き型ﾌｧﾌﾞﾘｰｽﾞ 無香
4902430036030,Febreze 置き型ﾌｧﾌﾞﾘｰｽﾞ すがすがしいﾅﾁｭﾗﾙｶﾞｰﾃﾞﾝの香り
4902430035873,Febreze 置き型ﾌｧﾌﾞﾘｰｽﾞ さわやかｽｶｲｼｬﾜｰの香り
4902430673587,Febreze 置き型ﾌｧﾌﾞﾘｰｽﾞ 靴箱専用ﾋﾟｭｱｸﾘｰﾝの香り
4902430036016,Febreze 置き型ﾌｧﾌﾞﾘｰｽﾞ 無香
4902430036047,Febreze 置き型ﾌｧﾌﾞﾘｰｽﾞ すがすがしいﾅﾁｭﾗﾙｶﾞｰﾃﾞﾝの香り
4902430036054,Febreze 置き型ﾌｧﾌﾞﾘｰｽﾞ さわやかｽｶｲｼｬﾜｰの香り
4902430673594,Febreze 置き型ﾌｧﾌﾞﾘｰｽﾞ 靴箱専用ﾋﾟｭｱｸﾘｰﾝの香り
4902430672894,Febreze 置き型ﾌｧﾌﾞﾘｰｽﾞ 無香
4902430649452,Febreze 置き型ﾌｧﾌﾞﾘｰｽﾞ すがすがしいﾅﾁｭﾗﾙｶﾞｰﾃﾞﾝの香り
4902430649469,Febreze 置き型ﾌｧﾌﾞﾘｰｽﾞ さわやかｽｶｲｼｬﾜｰの香り
4902430964494,Febreze 置き型ﾌｧﾌﾞﾘｰｽﾞ 靴箱専用ﾋﾟｭｱｸﾘｰﾝの香り
4902430736220,Febreze ﾌｧﾌﾞﾘｰｽﾞﾏｲｸﾛﾐｽﾄ ｸﾗｼｯｸ･ｶﾞｰﾃﾞﾝの香り
4902430736237,Febreze ﾌｧﾌﾞﾘｰｽﾞﾏｲｸﾛﾐｽﾄ ｴﾚｶﾞﾝﾄ･ﾘﾘｰの香り
4902430736244,Febreze ﾌｧﾌﾞﾘｰｽﾞﾏｲｸﾛﾐｽﾄ ﾌﾚｯｼｭ･ｼﾄﾗｽの香り
4902430839761,Febreze ﾌｧﾌﾞﾘｰｽﾞﾏｲｸﾛﾐｽﾄ ｳｫｰﾀﾘｰ･ﾓﾘﾝｶﾞの香り
4902430736275,Febreze ﾌｧﾌﾞﾘｰｽﾞﾏｲｸﾛﾐｽﾄ ｸﾗｼｯｸ･ｶﾞｰﾃﾞﾝの香り
4902430736268,Febreze ﾌｧﾌﾞﾘｰｽﾞﾏｲｸﾛﾐｽﾄ ｴﾚｶﾞﾝﾄ･ﾘﾘｰの香り
4902430736251,Febreze ﾌｧﾌﾞﾘｰｽﾞﾏｲｸﾛﾐｽﾄ ﾌﾚｯｼｭ･ｼﾄﾗｽの香り
4902430839778,Febreze ﾌｧﾌﾞﾘｰｽﾞﾏｲｸﾛﾐｽﾄ ｳｫｰﾀﾘｰ･ﾓﾘﾝｶﾞの香り
4987176354426,Febreze eﾌｧﾌﾞﾘｰｽﾞ すずらん&ｸﾞﾘｰﾝﾌﾞｰｹの香り
4987176354396,Febreze eﾌｧﾌﾞﾘｰｽﾞ ﾎﾜｲﾄﾘﾘ-の香り
4987176354389,Febreze eﾌｧﾌﾞﾘｰｽﾞ ﾋﾟｰﾁ＆ﾑｽｸの香り
4987176354471,Febreze eﾌｧﾌﾞﾘｰｽﾞ すずらん&ｸﾞﾘｰﾝﾌﾞｰｹの香り
4987176354440,Febreze eﾌｧﾌﾞﾘｰｽﾞ ﾎﾜｲﾄﾘﾘ-の香り
4987176354457,Febreze eﾌｧﾌﾞﾘｰｽﾞ ﾋﾟｰﾁ＆ﾑｽｸの香り
4987176354433,Febreze eﾌｧﾌﾞﾘｰｽﾞ すずらん&ｸﾞﾘｰﾝﾌﾞｰｹの香り
4987176354419,Febreze eﾌｧﾌﾞﾘｰｽﾞ ﾎﾜｲﾄﾘﾘ-の香り
4987176354402,Febreze eﾌｧﾌﾞﾘｰｽﾞ ﾋﾟｰﾁ＆ﾑｽｸの香り
4987176258861,Febreze ﾌｧﾌﾞﾘｰｽﾞﾄｲﾚ用消臭剤 ｸﾘｰﾝ･ﾗﾍﾞﾝﾀﾞｰ
4987176258939,Febreze ﾌｧﾌﾞﾘｰｽﾞﾄｲﾚ用消臭剤 ﾌﾞﾙｰ･ｼｬﾎﾞﾝ
4987176259011,Febreze ﾌｧﾌﾞﾘｰｽﾞﾄｲﾚ用消臭剤 ｼﾄﾗｽ･ｽﾌﾟﾗｯｼｭ
4987176258953,Febreze ﾌｧﾌﾞﾘｰｽﾞﾄｲﾚ用消臭剤 ｸﾗｼｯｸ・ﾌﾞｰｹ
4987176315847,Febreze ﾌｧﾌﾞﾘｰｽﾞﾄｲﾚ用消臭剤 ﾎﾜｲﾄﾑｽｸ
4987176377012,Febreze ﾌｧﾌﾞﾘｰｽﾞﾄｲﾚ用消臭剤 ﾘﾌﾚｯｼｭ・ﾌｫﾚｽﾄ
4987176361929,Febreze ﾌｧﾌﾞﾘｰｽﾞﾄｲﾚ用消臭剤 ﾌﾟﾚﾐｱﾑｼﾘｰｽﾞ消臭＋自然な香り
4987176361967,Febreze ﾌｧﾌﾞﾘｰｽﾞﾄｲﾚ用消臭剤 ﾌﾟﾚﾐｱﾑｼﾘｰｽﾞ消臭＋自然な香り
4987176361943,Febreze ﾌｧﾌﾞﾘｰｽﾞﾄｲﾚ用消臭剤 ﾌﾟﾚﾐｱﾑｼﾘｰｽﾞ消臭＋自然な香り
4987176393791,Febreze ﾌｧﾌﾞﾘｰｽﾞﾄｲﾚ用消臭剤 ﾌﾟﾚﾐｱﾑｼﾘｰｽﾞ消臭＋自然な香り
4987176318336,Febreze ﾌｧﾌﾞﾘｰｽﾞﾄｲﾚ用消臭剤ﾌﾟﾚﾐｱﾑｼﾘｰｽﾞ+抗菌 ｳﾙﾄﾗ・ﾌﾚｯｼｭ・ｼｬﾎﾞﾝ
4987176318343,Febreze ﾌｧﾌﾞﾘｰｽﾞﾄｲﾚ用消臭剤ﾌﾟﾚﾐｱﾑｼﾘｰｽﾞ+抗菌 ｸﾞﾘｰﾝ･ｼﾄﾗｽ･ｶﾞｰﾃﾞﾝ
4987176318299,Febreze ﾌｧﾌﾞﾘｰｽﾞﾄｲﾚ用消臭剤ﾌﾟﾚﾐｱﾑｼﾘｰｽﾞ+抗菌 ﾅﾁｭﾗﾙ・ﾏｳﾝﾃﾝ・ｴｱ
4987176318350,Febreze ﾌｧﾌﾞﾘｰｽﾞﾄｲﾚ用消臭剤ﾌﾟﾚﾐｱﾑｼﾘｰｽﾞ+抗菌 ﾌﾚｯｼｭ・ｸﾘｰﾝ・ﾗﾍﾞﾝﾀﾞｰ
4987176318275,Febreze ﾌｧﾌﾞﾘｰｽﾞﾄｲﾚ用消臭剤ﾌﾟﾚﾐｱﾑｼﾘｰｽﾞ+抗菌 ﾌﾙｰﾃｨｰ・ｸﾗｼｯｸ・ﾌﾞｰｹ
4987176318312,Febreze ﾌｧﾌﾞﾘｰｽﾞﾄｲﾚ用消臭剤 ﾌﾟﾚﾐｱﾑｼﾘｰｽﾞ消臭成分最高ﾚﾍﾞﾙ
4987176351180,Febreze ﾌｧﾌﾞﾘｰｽﾞﾄｲﾚ用消臭剤 ｸﾘｰﾝ･ﾗﾍﾞﾝﾀﾞｰ
4987176351197,Febreze ﾌｧﾌﾞﾘｰｽﾞﾄｲﾚ用消臭剤 ﾌﾞﾙｰ･ｼｬﾎﾞﾝ
4987176351210,Febreze ﾌｧﾌﾞﾘｰｽﾞﾄｲﾚ用消臭剤 ｼﾄﾗｽ･ｽﾌﾟﾗｯｼｭ
4987176351227,Febreze ﾌｧﾌﾞﾘｰｽﾞﾄｲﾚ用消臭剤 ｸﾗｼｯｸ・ﾌﾞｰｹ
4987176376985,Febreze ﾌｧﾌﾞﾘｰｽﾞﾄｲﾚ用消臭剤 ﾎﾜｲﾄﾑｽｸ
4987176377029,Febreze ﾌｧﾌﾞﾘｰｽﾞﾄｲﾚ用消臭剤 ﾘﾌﾚｯｼｭ・ﾌｫﾚｽﾄ
4987176361981,Febreze ﾌｧﾌﾞﾘｰｽﾞﾄｲﾚ用消臭剤 ﾌﾟﾚﾐｱﾑｼﾘｰｽﾞ消臭＋自然な香り
4987176361974,Febreze ﾌｧﾌﾞﾘｰｽﾞﾄｲﾚ用消臭剤 ﾌﾟﾚﾐｱﾑｼﾘｰｽﾞ消臭＋自然な香り
4987176361516,Febreze ﾌｧﾌﾞﾘｰｽﾞﾄｲﾚ用消臭剤 ﾌﾟﾚﾐｱﾑｼﾘｰｽﾞ消臭＋自然な香り
4987176393784,Febreze ﾌｧﾌﾞﾘｰｽﾞﾄｲﾚ用消臭剤 ﾌﾟﾚﾐｱﾑｼﾘｰｽﾞ消臭＋自然な香り
4987176343314,Febreze ﾌｧﾌﾞﾘｰｽﾞﾄｲﾚ用消臭剤ﾌﾟﾚﾐｱﾑｼﾘｰｽﾞ+抗菌 ｳﾙﾄﾗ・ﾌﾚｯｼｭ・ｼｬﾎﾞﾝ
4987176343406,Febreze ﾌｧﾌﾞﾘｰｽﾞﾄｲﾚ用消臭剤ﾌﾟﾚﾐｱﾑｼﾘｰｽﾞ+抗菌 ｸﾞﾘｰﾝ･ｼﾄﾗｽ･ｶﾞｰﾃﾞﾝ
4987176343390,Febreze ﾌｧﾌﾞﾘｰｽﾞﾄｲﾚ用消臭剤ﾌﾟﾚﾐｱﾑｼﾘｰｽﾞ+抗菌 ﾅﾁｭﾗﾙ・ﾏｳﾝﾃﾝ・ｴｱ
4987176343383,Febreze ﾌｧﾌﾞﾘｰｽﾞﾄｲﾚ用消臭剤ﾌﾟﾚﾐｱﾑｼﾘｰｽﾞ+抗菌 ﾌﾚｯｼｭ・ｸﾘｰﾝ・ﾗﾍﾞﾝﾀﾞｰ
4987176343369,Febreze ﾌｧﾌﾞﾘｰｽﾞﾄｲﾚ用消臭剤ﾌﾟﾚﾐｱﾑｼﾘｰｽﾞ+抗菌 ﾌﾙｰﾃｨｰ・ｸﾗｼｯｸ・ﾌﾞｰｹ
4987176343352,Febreze ﾌｧﾌﾞﾘｰｽﾞﾄｲﾚ用消臭剤ﾌﾟﾚﾐｱﾑｼﾘｰｽﾞ 消臭成分最高ﾚﾍﾞﾙ
4987176259028,Febreze ﾌｧﾌﾞﾘｰｽﾞﾄｲﾚ用消臭剤 ｸﾘｰﾝ･ﾗﾍﾞﾝﾀﾞｰ
4987176259035,Febreze ﾌｧﾌﾞﾘｰｽﾞﾄｲﾚ用消臭剤 ﾌﾞﾙｰ･ｼｬﾎﾞﾝ
4987176258885,Febreze ﾌｧﾌﾞﾘｰｽﾞﾄｲﾚ用消臭剤 ｼﾄﾗｽ･ｽﾌﾟﾗｯｼｭ
4987176258991,Febreze ﾌｧﾌﾞﾘｰｽﾞﾄｲﾚ用消臭剤 ｸﾗｼｯｸ・ﾌﾞｰｹ
4987176377036,Febreze ﾌｧﾌﾞﾘｰｽﾞﾄｲﾚ用消臭剤 ﾘﾌﾚｯｼｭ・ﾌｫﾚｽﾄ
4987176361486,Febreze ﾌｧﾌﾞﾘｰｽﾞﾄｲﾚ用消臭剤 ﾌﾟﾚﾐｱﾑｼﾘｰｽﾞ消臭＋自然な香り
4987176361509,Febreze ﾌｧﾌﾞﾘｰｽﾞﾄｲﾚ用消臭剤 ﾌﾟﾚﾐｱﾑｼﾘｰｽﾞ消臭＋自然な香り
4987176361936,Febreze ﾌｧﾌﾞﾘｰｽﾞﾄｲﾚ用消臭剤 ﾌﾟﾚﾐｱﾑｼﾘｰｽﾞ消臭＋自然な香り
4987176393760,Febreze ﾌｧﾌﾞﾘｰｽﾞﾄｲﾚ用消臭剤 ﾌﾟﾚﾐｱﾑｼﾘｰｽﾞ消臭＋自然な香り
4987176343321,Febreze ﾌｧﾌﾞﾘｰｽﾞﾄｲﾚ用消臭剤ﾌﾟﾚﾐｱﾑｼﾘｰｽﾞ+抗菌 ｳﾙﾄﾗ・ﾌﾚｯｼｭ・ｼｬﾎﾞﾝ
4987176343345,Febreze ﾌｧﾌﾞﾘｰｽﾞﾄｲﾚ用消臭剤ﾌﾟﾚﾐｱﾑｼﾘｰｽﾞ+抗菌 ｸﾞﾘｰﾝ･ｼﾄﾗｽ･ｶﾞｰﾃﾞﾝつめかえ3個ﾊﾟｯｸ
4987176343376,Febreze ﾌｧﾌﾞﾘｰｽﾞﾄｲﾚ用消臭剤ﾌﾟﾚﾐｱﾑｼﾘｰｽﾞ+抗菌 ﾅﾁｭﾗﾙ・ﾏｳﾝﾃﾝ・ｴｱつめかえ3個ﾊﾟｯｸ
4987176343338,Febreze ﾌｧﾌﾞﾘｰｽﾞﾄｲﾚ用消臭剤ﾌﾟﾚﾐｱﾑｼﾘｰｽﾞ+抗菌 ﾌﾚｯｼｭ・ｸﾘｰﾝ・ﾗﾍﾞﾝﾀﾞｰつめかえ3個ﾊﾟｯｸ
4987176343307,Febreze ﾌｧﾌﾞﾘｰｽﾞﾄｲﾚ用消臭剤ﾌﾟﾚﾐｱﾑｼﾘｰｽﾞ+抗菌 ﾌﾙｰﾃｨｰ・ｸﾗｼｯｸ・ﾌﾞｰｹつめかえ3個ﾊﾟｯｸ
4987176343291,Febreze ﾌｧﾌﾞﾘｰｽﾞﾄｲﾚ用消臭剤ﾌﾟﾚﾐｱﾑｼﾘｰｽﾞ 消臭成分最高ﾚﾍﾞﾙ
4987176258922,Febreze ﾌｧﾌﾞﾘｰｽﾞﾄｲﾚ用消臭剤 ｸﾘｰﾝ･ﾗﾍﾞﾝﾀﾞｰ
4987176258915,Febreze ﾌｧﾌﾞﾘｰｽﾞﾄｲﾚ用消臭剤 ﾌﾞﾙｰ･ｼｬﾎﾞﾝ
4987176258977,Febreze ﾌｧﾌﾞﾘｰｽﾞﾄｲﾚ用消臭剤 ｼﾄﾗｽ･ｽﾌﾟﾗｯｼｭ
4987176259042,Febreze ﾌｧﾌﾞﾘｰｽﾞﾄｲﾚ用消臭剤 ｸﾗｼｯｸ・ﾌﾞｰｹ
4987176376992,Febreze ﾌｧﾌﾞﾘｰｽﾞﾄｲﾚ用消臭剤 ﾎﾜｲﾄﾑｽｸ
4987176377043,Febreze ﾌｧﾌﾞﾘｰｽﾞﾄｲﾚ用消臭剤 ﾘﾌﾚｯｼｭ・ﾌｫﾚｽﾄ
4987176361523,Febreze ﾌｧﾌﾞﾘｰｽﾞ玄関用消臭剤 ﾌﾟﾚﾐｱﾑｼﾘｰｽﾞ消臭＋自然な香り
4987176367020,Febreze ﾌｧﾌﾞﾘｰｽﾞ玄関用消臭剤 ﾌﾟﾚﾐｱﾑｼﾘｰｽﾞ消臭＋自然な香り
4987176393739,Febreze ﾌｧﾌﾞﾘｰｽﾞ玄関用消臭剤 ﾌﾟﾚﾐｱﾑｼﾘｰｽﾞ消臭＋自然な香り
4987176263322,Febreze ﾌｧﾌﾞﾘｰｽﾞ玄関用消臭剤 ﾎﾜｲﾄ・ﾃｨｰ&ﾘﾘｰ
4987176263391,Febreze ﾌｧﾌﾞﾘｰｽﾞ玄関用消臭剤 ﾌﾚﾝﾁ・ﾘﾈﾝ&ｼﾞｬｽﾐﾝ
4987176263346,Febreze ﾌｧﾌﾞﾘｰｽﾞ玄関用消臭剤 ｽｲｰﾄ・ﾋﾟｵﾆｰ&ﾐｭｹﾞ
4987176361493,Febreze ﾌｧﾌﾞﾘｰｽﾞ玄関用消臭剤 ﾌﾟﾚﾐｱﾑｼﾘｰｽﾞ消臭＋自然な香り
4987176367013,Febreze ﾌｧﾌﾞﾘｰｽﾞ玄関用消臭剤 ﾌﾟﾚﾐｱﾑｼﾘｰｽﾞ消臭＋自然な香り
4987176393746,Febreze ﾌｧﾌﾞﾘｰｽﾞ玄関用消臭剤 ﾌﾟﾚﾐｱﾑｼﾘｰｽﾞ消臭＋自然な香り
4987176361530,Febreze ﾌｧﾌﾞﾘｰｽﾞ玄関用消臭剤 ﾎﾜｲﾄ・ﾃｨｰ&ﾘﾘｰ
4987176366993,Febreze ﾌｧﾌﾞﾘｰｽﾞ玄関用消臭剤 ﾌﾚﾝﾁ・ﾘﾈﾝ&ｼﾞｬｽﾐﾝ
4987176362001,Febreze ﾌｧﾌﾞﾘｰｽﾞ玄関用消臭剤 ｽｲｰﾄ・ﾋﾟｵﾆｰ&ﾐｭｹﾞ本体+つめかえ1個ﾊﾟｯｸ
4987176361547,Febreze ﾌｧﾌﾞﾘｰｽﾞ玄関用消臭剤 ﾌﾟﾚﾐｱﾑｼﾘｰｽﾞ消臭＋自然な香り
4987176367006,Febreze ﾌｧﾌﾞﾘｰｽﾞ玄関用消臭剤 ﾌﾟﾚﾐｱﾑｼﾘｰｽﾞ消臭＋自然な香り
4987176393777,Febreze ﾌｧﾌﾞﾘｰｽﾞ玄関用消臭剤 ﾌﾟﾚﾐｱﾑｼﾘｰｽﾞ消臭＋自然な香り
4987176362025,Febreze ﾌｧﾌﾞﾘｰｽﾞ玄関用消臭剤 ﾎﾜｲﾄ・ﾃｨｰ&ﾘﾘｰ
4987176361998,Febreze ﾌｧﾌﾞﾘｰｽﾞ玄関用消臭剤 ｽｲｰﾄ・ﾋﾟｵﾆｰ&ﾐｭｹﾞつめかえ3個ﾊﾟｯｸ
4987176366986,Febreze ﾌｧﾌﾞﾘｰｽﾞ玄関用消臭剤 ﾌﾚﾝﾁ・ﾘﾈﾝ&ｼﾞｬｽﾐﾝ
4987176384072,Febreze ﾌｧﾌﾞﾘｰｽﾞお風呂用 みずみずしいﾌﾛｰﾗﾙの香り
4987176384089,Febreze ﾌｧﾌﾞﾘｰｽﾞお風呂用 ﾌﾚｯｼｭﾊｰﾌﾞ&ｼﾄﾗｽの香り
4987176384041,Febreze ﾌｧﾌﾞﾘｰｽﾞお風呂用 ふわっと香るせっけんの香り
4987176384102,Febreze ﾌｧﾌﾞﾘｰｽﾞお風呂用 みずみずしいﾌﾛｰﾗﾙの香り
4987176384096,Febreze ﾌｧﾌﾞﾘｰｽﾞお風呂用 ﾌﾚｯｼｭﾊｰﾌﾞ&ｼﾄﾗｽの香り
4987176384065,Febreze ﾌｧﾌﾞﾘｰｽﾞお風呂用 ふわっと香るせっけんの香り
4902430270687,Febreze ｸﾙﾏ用置き型ﾌｧﾌﾞﾘｰｽﾞ ｱｸｱｽｶｯｼｭの香り
4902430270717,Febreze ｸﾙﾏ用置き型ﾌｧﾌﾞﾘｰｽﾞ ｱｸｱｽｶｯｼｭの香り
4987176376718,Febreze ﾌｧﾌﾞﾘｰｽﾞ ｲｰｼﾞｰｸﾘｯﾌﾟ
4987176376855,Febreze ﾌｧﾌﾞﾘｰｽﾞ ｲｰｼﾞｰｸﾘｯﾌﾟ
4987176376749,Febreze ﾌｧﾌﾞﾘｰｽﾞｲｰｼﾞｰｸﾘｯﾌﾟ ﾌﾛｰﾗﾙﾌﾞﾘｰｽﾞ
4987176376732,Febreze ﾌｧﾌﾞﾘｰｽﾞ ｲｰｼﾞｰｸﾘｯﾌﾟ
4987176376787,Febreze ﾌｧﾌﾞﾘｰｽﾞ ｲｰｼﾞｰｸﾘｯﾌﾟ
4987176376770,Febreze ﾌｧﾌﾞﾘｰｽﾞ ｲｰｼﾞｰｸﾘｯﾌﾟ
4987176376695,Febreze ﾌｧﾌﾞﾘｰｽﾞ ｲｰｼﾞｰｸﾘｯﾌﾟ
4987176361578,Febreze ﾌｧﾌﾞﾘｰｽﾞ ｲｰｼﾞｰｸﾘｯﾌﾟﾄﾞﾗｲﾌﾞｼﾘｰｽﾞ
4987176362049,Febreze ﾌｧﾌﾞﾘｰｽﾞ ｲｰｼﾞｰｸﾘｯﾌﾟﾄﾞﾗｲﾌﾞｼﾘｰｽﾞ
4987176362032,Febreze ﾌｧﾌﾞﾘｰｽﾞ ｲｰｼﾞｰｸﾘｯﾌﾟﾄﾞﾗｲﾌﾞｼﾘｰｽﾞ
4987176393753,Febreze ﾌｧﾌﾞﾘｰｽﾞ ｲｰｼﾞｰｸﾘｯﾌﾟﾄﾞﾗｲﾌﾞｼﾘｰｽﾞ
4987176253859,Febreze ﾌｧﾌﾞﾘｰｽﾞ ｲｰｼﾞｰｸﾘｯﾌﾟ
4987176253880,Febreze ﾌｧﾌﾞﾘｰｽﾞｲｰｼﾞｰｸﾘｯﾌﾟ 防ｶﾋﾞｴｷｽﾊﾟｰﾄ
4987176256492,Febreze ﾌｧﾌﾞﾘｰｽﾞｲｰｼﾞｰｸﾘｯﾌﾟ 防ｶﾋﾞｴｷｽﾊﾟｰﾄ
4987176253828,Febreze ﾌｧﾌﾞﾘｰｽﾞ ｲｰｼﾞｰｸﾘｯﾌﾟ
4987176253835,Febreze ﾌｧﾌﾞﾘｰｽﾞ ｲｰｼﾞｰｸﾘｯﾌﾟ
4987176336637,Febreze ﾌｧﾌﾞﾘｰｽﾞ ｲｰｼﾞｰｸﾘｯﾌﾟ
4987176235923,Febreze ﾌｧﾌﾞﾘｰｽﾞ ｲｰｼﾞｰｸﾘｯﾌﾟ
4987176235909,Febreze ﾌｧﾌﾞﾘｰｽﾞ ｲｰｼﾞｰｸﾘｯﾌﾟ
4987176235879,Febreze ﾌｧﾌﾞﾘｰｽﾞ ｲｰｼﾞｰｸﾘｯﾌﾟ
4987176235886,Febreze ﾌｧﾌﾞﾘｰｽﾞｲｰｼﾞｰｸﾘｯﾌﾟ 消臭成分最高ﾚﾍﾞﾙ
4987176376701,Febreze ﾌｧﾌﾞﾘｰｽﾞ ｲｰｼﾞｰｸﾘｯﾌﾟ
4987176376848,Febreze ﾌｧﾌﾞﾘｰｽﾞ ｲｰｼﾞｰｸﾘｯﾌﾟ
4987176376817,Febreze ﾌｧﾌﾞﾘｰｽﾞｲｰｼﾞｰｸﾘｯﾌﾟ ﾌﾛｰﾗﾙﾌﾞﾘｰｽﾞ2個ﾊﾟｯｸ
4987176376763,Febreze ﾌｧﾌﾞﾘｰｽﾞ ｲｰｼﾞｰｸﾘｯﾌﾟ
4987176376800,Febreze ﾌｧﾌﾞﾘｰｽﾞ ｲｰｼﾞｰｸﾘｯﾌﾟ
4987176376756,Febreze ﾌｧﾌﾞﾘｰｽﾞ ｲｰｼﾞｰｸﾘｯﾌﾟ
4987176376688,Febreze ﾌｧﾌﾞﾘｰｽﾞ ｲｰｼﾞｰｸﾘｯﾌﾟ
4987176361554,Febreze ﾌｧﾌﾞﾘｰｽﾞ ｲｰｼﾞｰｸﾘｯﾌﾟﾄﾞﾗｲﾌﾞｼﾘｰｽﾞ
4987176362056,Febreze ﾌｧﾌﾞﾘｰｽﾞ ｲｰｼﾞｰｸﾘｯﾌﾟﾄﾞﾗｲﾌﾞｼﾘｰｽﾞ
4987176362018,Febreze ﾌｧﾌﾞﾘｰｽﾞ ｲｰｼﾞｰｸﾘｯﾌﾟﾄﾞﾗｲﾌﾞｼﾘｰｽﾞ
4987176393807,Febreze ﾌｧﾌﾞﾘｰｽﾞ ｲｰｼﾞｰｸﾘｯﾌﾟﾄﾞﾗｲﾌﾞｼﾘｰｽﾞ
4987176336590,Febreze ﾌｧﾌﾞﾘｰｽﾞ ｲｰｼﾞｰｸﾘｯﾌﾟ
4987176336668,Febreze ﾌｧﾌﾞﾘｰｽﾞｲｰｼﾞｰｸﾘｯﾌﾟ 防ｶﾋﾞｴｷｽﾊﾟｰﾄ
4987176336613,Febreze ﾌｧﾌﾞﾘｰｽﾞｲｰｼﾞｰｸﾘｯﾌﾟ 防ｶﾋﾞｴｷｽﾊﾟｰﾄ
4987176336651,Febreze ﾌｧﾌﾞﾘｰｽﾞ ｲｰｼﾞｰｸﾘｯﾌﾟ
4987176336606,Febreze ﾌｧﾌﾞﾘｰｽﾞ ｲｰｼﾞｰｸﾘｯﾌﾟ
4987176336620,Febreze ﾌｧﾌﾞﾘｰｽﾞ ｲｰｼﾞｰｸﾘｯﾌﾟ
4987176323910,Febreze ﾌｧﾌﾞﾘｰｽﾞ ｲｰｼﾞｰｸﾘｯﾌﾟ
4987176323958,Febreze ﾌｧﾌﾞﾘｰｽﾞ ｲｰｼﾞｰｸﾘｯﾌﾟ
4987176323934,Febreze ﾌｧﾌﾞﾘｰｽﾞ ｲｰｼﾞｰｸﾘｯﾌﾟ
4987176323927,Febreze ﾌｧﾌﾞﾘｰｽﾞｲｰｼﾞｰｸﾘｯﾌﾟ 消臭成分最高ﾚﾍﾞﾙ
4987176323903,Febreze ﾌｧﾌﾞﾘｰｽﾞ ｲｰｼﾞｰｸﾘｯﾌﾟ
4987176323941,Febreze ﾌｧﾌﾞﾘｰｽﾞｲｰｼﾞｰｸﾘｯﾌﾟ 消臭成分最高ﾚﾍﾞﾙ
4987176376725,Febreze ﾌｧﾌﾞﾘｰｽﾞ ｲｰｼﾞｰｸﾘｯﾌﾟ
4987176376794,Febreze ﾌｧﾌﾞﾘｰｽﾞ ｲｰｼﾞｰｸﾘｯﾌﾟ
4987176400628,Febreze ﾌｧﾌﾞﾘｰｽﾞ ｲｰｼﾞｰｸﾘｯﾌﾟ
4987176400611,Febreze ﾌｧﾌﾞﾘｰｽﾞ ｲｰｼﾞｰｸﾘｯﾌﾟ
4987176400604,Febreze ﾌｧﾌﾞﾘｰｽﾞ ｲｰｼﾞｰｸﾘｯﾌﾟ
4987176336644,Febreze ﾌｧﾌﾞﾘｰｽﾞ ｲｰｼﾞｰｸﾘｯﾌﾟ
4902430566575,Febreze ﾌｧﾌﾞﾘｰｽﾞ ﾌﾟﾚﾐｱﾑｸﾘｯﾌﾟ
4902430566612,Febreze ﾌｧﾌﾞﾘｰｽﾞ ﾌﾟﾚﾐｱﾑｸﾘｯﾌﾟ
4902430566636,Febreze ﾌｧﾌﾞﾘｰｽﾞ ﾌﾟﾚﾐｱﾑｸﾘｯﾌﾟ
4902430566674,Febreze ﾌｧﾌﾞﾘｰｽﾞ ﾌﾟﾚﾐｱﾑｸﾘｯﾌﾟ
4902430566759,Febreze ﾌｧﾌﾞﾘｰｽﾞ ﾌﾟﾚﾐｱﾑｸﾘｯﾌﾟ
4902430566766,Febreze ﾌｧﾌﾞﾘｰｽﾞ ﾌﾟﾚﾐｱﾑｸﾘｯﾌﾟ
4902430364034,Febreze ｸﾙﾏ用ﾌｧﾌﾞﾘｰｽﾞ
4987176084132,Febreze ｸﾙﾏ用ﾌｧﾌﾞﾘｰｽﾞW除菌 ｳｲﾙｽ除去成分最高ﾚﾍﾞﾙ
4987176328397,Febreze ﾚﾉｱﾊﾋﾟﾈｽﾐｽﾄ ﾎﾜｲﾄﾃｨｰの香り
4987176328373,Febreze ﾚﾉｱﾊﾋﾟﾈｽﾐｽﾄ ﾎﾜｲﾄﾑｽｸの香り
4987176386083,Febreze ﾚﾉｱﾊﾋﾟﾈｽﾐｽﾄ おやすみﾗﾍﾞﾝﾀﾞｰﾌﾞﾚﾝﾄﾞ
4987176328366,Febreze ﾚﾉｱﾊﾋﾟﾈｽﾐｽﾄ ﾎﾜｲﾄﾃｨｰの香り
4987176328335,Febreze ﾚﾉｱﾊﾋﾟﾈｽﾐｽﾄ ﾎﾜｲﾄﾑｽｸの香り
4987176386038,Febreze ﾚﾉｱﾊﾋﾟﾈｽﾐｽﾄ おやすみﾗﾍﾞﾝﾀﾞｰﾌﾞﾚﾝﾄﾞ
4987176339218,Febreze ﾚﾉｱﾊﾋﾟﾈｽﾐｽﾄ ﾎﾜｲﾄﾃｨｰの香り
4987176339249,Febreze ﾚﾉｱﾊﾋﾟﾈｽﾐｽﾄ ﾎﾜｲﾄﾑｽｸの香り
4987176386106,Febreze ﾚﾉｱﾊﾋﾟﾈｽﾐｽﾄ おやすみﾗﾍﾞﾝﾀﾞｰﾌﾞﾚﾝﾄﾞ
4987176100498,Pantene ﾊﾟﾝﾃｰﾝ ｴｸｽﾄﾗﾀﾞﾒｰｼﾞﾘﾍﾟｱ
4987176409447,Pantene ﾊﾟﾝﾃｰﾝ ｴｸｽﾄﾗﾀﾞﾒｰｼﾞﾘﾍﾟｱ
4987176100504,Pantene ﾊﾟﾝﾃｰﾝ ﾓｲｽﾄｽﾑｰｽﾘﾍﾟｱ
4987176409430,Pantene ﾊﾟﾝﾃｰﾝ ﾓｲｽﾄｽﾑｰｽﾘﾍﾟｱ
4987176100511,Pantene ﾊﾟﾝﾃｰﾝｴｱﾘｰふんわりﾘﾍﾟｱ 洗い流すﾄﾘｰﾄﾒﾝﾄ
4987176413338,Pantene ﾊﾟﾝﾃｰﾝ ｺﾞｰﾙﾄﾞﾀﾞﾒｰｼﾞﾘﾍﾟｱ
4987176413369,Pantene ﾊﾟﾝﾃｰﾝ ｺﾞｰﾙﾄﾞﾎﾞﾘｭｰﾑﾘﾍﾟｱ
4987176100467,Pantene ﾊﾟﾝﾃｰﾝ ｴｸｽﾄﾗﾀﾞﾒｰｼﾞﾘﾍﾟｱ
4987176100474,Pantene ﾊﾟﾝﾃｰﾝ ﾓｲｽﾄｽﾑｰｽﾘﾍﾟｱ
4987176100481,Pantene ﾊﾟﾝﾃｰﾝｴｱﾘｰふんわりﾘﾍﾟｱ 洗い流すﾄﾘｰﾄﾒﾝﾄ特大ｻｲｽﾞ
4987176270405,Pantene ﾊﾟﾝﾃｰﾝ ｴｸｽﾄﾗﾀﾞﾒｰｼﾞﾘﾍﾟｱ
4987176339379,Pantene ﾊﾟﾝﾃｰﾝ ﾓｲｽﾄｽﾑｰｽﾘﾍﾟｱ
4987176413345,Pantene ﾊﾟﾝﾃｰﾝ ｺﾞｰﾙﾄﾞﾀﾞﾒｰｼﾞﾘﾍﾟｱ
4987176413352,Pantene ﾊﾟﾝﾃｰﾝ ｺﾞｰﾙﾄﾞﾎﾞﾘｭｰﾑﾘﾍﾟｱ
4987176409423,Pantene ﾊﾟﾝﾃｰﾝ ｺﾞｰﾙﾄﾞﾀﾞﾒｰｼﾞﾘﾍﾟｱ
4987176412362,Pantene ﾊﾟﾝﾃｰﾝ ｺﾞｰﾙﾄﾞﾎﾞﾘｭｰﾑﾘﾍﾟｱ
4987176163110,Pantene ﾊﾟﾝﾃｰﾝﾃﾞｨｰﾌﾟﾀﾞﾒｰｼﾞﾘﾍﾟｱﾍｱﾏｽｸ
4987176163103,Pantene ﾊﾟﾝﾃｰﾝﾃﾞｨｰﾌﾟﾀﾞﾒｰｼﾞﾘﾍﾟｱﾍｱｵｲﾙ
4987176237590,Pantene ﾊﾟﾝﾃｰﾝ ｴｱﾘｰふんわりﾘﾍﾟｱ
4987176237637,Pantene ﾊﾟﾝﾃｰﾝ ｴｸｽﾄﾗﾀﾞﾒｰｼﾞﾘﾍﾟｱ
4987176237682,Pantene ﾊﾟﾝﾃｰﾝ ﾓｲｽﾄｽﾑｰｽﾘﾍﾟｱ
4987176309686,Pantene ﾊﾟﾝﾃｰﾝ ｴｸｽﾄﾗﾀﾞﾒｰｼﾞﾘﾍﾟｱ
4987176339362,Pantene ﾊﾟﾝﾃｰﾝ ｴｸｽﾄﾗﾀﾞﾒｰｼﾞﾘﾍﾟｱ
4987176100900,Pantene ﾊﾟﾝﾃｰﾝ 瞬間うるおい補給ﾄﾘｰﾄﾒﾝﾄｳｫｰﾀｰ
4987176100436,Pantene ﾊﾟﾝﾃｰﾝ ｴｸｽﾄﾗﾀﾞﾒｰｼﾞﾘﾍﾟｱ
4987176100450,Pantene ﾊﾟﾝﾃｰﾝ ﾓｲｽﾄｽﾑｰｽﾘﾍﾟｱ
4987176100443,Pantene ﾊﾟﾝﾃｰﾝ ｴｱﾘｰふんわりﾘﾍﾟｱ
4987176100559,Pantene ﾊﾟﾝﾃｰﾝ ｴｸｽﾄﾗﾀﾞﾒｰｼﾞﾘﾍﾟｱ
4987176100566,Pantene ﾊﾟﾝﾃｰﾝ ﾓｲｽﾄｽﾑｰｽﾘﾍﾟｱ
4987176100573,Pantene ﾊﾟﾝﾃｰﾝ ｴｱﾘｰふんわりﾘﾍﾟｱ
4987176100252,Pantene ﾊﾟﾝﾃｰﾝ ｴｸｽﾄﾗﾀﾞﾒｰｼﾞﾘﾍﾟｱ
4987176100269,Pantene ﾊﾟﾝﾃｰﾝ ﾓｲｽﾄｽﾑｰｽﾘﾍﾟｱ
4987176100283,Pantene ﾊﾟﾝﾃｰﾝ ｴｱﾘｰふんわりﾘﾍﾟｱ
4987176100245,Pantene ﾊﾟﾝﾃｰﾝ ｴｸｽﾄﾗﾀﾞﾒｰｼﾞﾘﾍﾟｱ
4987176100276,Pantene ﾊﾟﾝﾃｰﾝ ﾓｲｽﾄｽﾑｰｽﾘﾍﾟｱ
4987176100290,Pantene ﾊﾟﾝﾃｰﾝ ｴｱﾘｰふんわりﾘﾍﾟｱ
4987176100306,Pantene ﾊﾟﾝﾃｰﾝ ｴｸｽﾄﾗﾀﾞﾒｰｼﾞﾘﾍﾟｱ
4987176100320,Pantene ﾊﾟﾝﾃｰﾝ ﾓｲｽﾄｽﾑｰｽﾘﾍﾟｱ
4987176100344,Pantene ﾊﾟﾝﾃｰﾝ ｴｱﾘｰふんわりﾘﾍﾟｱ
4987176100313,Pantene ﾊﾟﾝﾃｰﾝ ｴｸｽﾄﾗﾀﾞﾒｰｼﾞﾘﾍﾟｱ
4987176100337,Pantene ﾊﾟﾝﾃｰﾝ ﾓｲｽﾄｽﾑｰｽﾘﾍﾟｱ
4987176100351,Pantene ﾊﾟﾝﾃｰﾝ ｴｱﾘｰふんわりﾘﾍﾟｱ
4987176100368,Pantene ﾊﾟﾝﾃｰﾝ ｴｸｽﾄﾗﾀﾞﾒｰｼﾞﾘﾍﾟｱ
4987176100382,Pantene ﾊﾟﾝﾃｰﾝ ﾓｲｽﾄｽﾑｰｽﾘﾍﾟｱ
4987176100405,Pantene ﾊﾟﾝﾃｰﾝ ｴｱﾘｰふんわりﾘﾍﾟｱ
4987176100375,Pantene ﾊﾟﾝﾃｰﾝ ｴｸｽﾄﾗﾀﾞﾒｰｼﾞﾘﾍﾟｱ
4987176100399,Pantene ﾊﾟﾝﾃｰﾝ ﾓｲｽﾄｽﾑｰｽﾘﾍﾟｱ
4987176100412,Pantene ﾊﾟﾝﾃｰﾝ ｴｱﾘｰふんわりﾘﾍﾟｱ
4987176270412,Pantene ﾊﾟﾝﾃｰﾝ ｴｸｽﾄﾗﾀﾞﾒｰｼﾞﾘﾍﾟｱ
4987176384935,Pantene ﾊﾟﾝﾃｰﾝ ﾓｲｽﾄｽﾑｰｽﾘﾍﾟｱ
4987176384911,Pantene ﾊﾟﾝﾃｰﾝ ｴｱﾘｰふんわりﾘﾍﾟｱ
4987176270320,Pantene ﾊﾟﾝﾃｰﾝ ｴｸｽﾄﾗﾀﾞﾒｰｼﾞﾘﾍﾟｱ
4987176384928,Pantene ﾊﾟﾝﾃｰﾝ ﾓｲｽﾄｽﾑｰｽﾘﾍﾟｱ
4987176384904,Pantene ﾊﾟﾝﾃｰﾝ ｴｱﾘｰふんわりﾘﾍﾟｱ
4987176107015,Pantene ﾊﾟﾝﾃｰﾝ ｴｸｽﾄﾗﾀﾞﾒｰｼﾞﾘﾍﾟｱ
4987176162403,Pantene ﾊﾟﾝﾃｰﾝ ﾓｲｽﾄｽﾑｰｽﾘﾍﾟｱ
4987176162397,Pantene ﾊﾟﾝﾃｰﾝ ｴｱﾘｰふんわりﾘﾍﾟｱ
4987176107022,Pantene ﾊﾟﾝﾃｰﾝ ｴｸｽﾄﾗﾀﾞﾒｰｼﾞﾘﾍﾟｱ
4987176162380,Pantene ﾊﾟﾝﾃｰﾝ ﾓｲｽﾄｽﾑｰｽﾘﾍﾟｱ
4987176162373,Pantene ﾊﾟﾝﾃｰﾝ ｴｱﾘｰふんわりﾘﾍﾟｱ
4987176174055,Pantene ﾊﾟﾝﾃｰﾝﾐﾗｸﾙｽﾞ 無添加&ｼﾞｪﾝﾄﾙﾘﾍﾟｱ
4987176270511,Pantene ﾊﾟﾝﾃｰﾝﾐﾗｸﾙｽﾞ うねりｺﾝﾄﾛｰﾙ&ﾘﾍﾟｱ
4987176204547,Pantene ﾊﾟﾝﾃｰﾝﾐﾗｸﾙｽﾞ ｶﾗｰｼｬｲﾝ&ﾘﾍﾟｱ
4987176174048,Pantene ﾊﾟﾝﾃｰﾝﾐﾗｸﾙｽﾞ 無添加&ｼﾞｪﾝﾄﾙﾘﾍﾟｱ
4987176270504,Pantene ﾊﾟﾝﾃｰﾝﾐﾗｸﾙｽﾞ うねりｺﾝﾄﾛｰﾙ&ﾘﾍﾟｱｱ
4987176204554,Pantene ﾊﾟﾝﾃｰﾝﾐﾗｸﾙｽﾞｶﾗｰｼｬｲﾝ&ﾘﾍﾟｱ ﾄﾘｰﾄﾒﾝﾄ
4987176174031,Pantene ﾊﾟﾝﾃｰﾝﾐﾗｸﾙｽﾞ 無添加&ｼﾞｪﾝﾄﾙﾘﾍﾟｱ
4987176270498,Pantene ﾊﾟﾝﾃｰﾝﾐﾗｸﾙｽﾞうねりｺﾝﾄﾛｰﾙ&ﾘﾍﾟｱ ｼｬﾝﾌﾟｰ
4987176204578,Pantene ﾊﾟﾝﾃｰﾝﾐﾗｸﾙｽﾞ ｶﾗｰｼｬｲﾝ&ﾘﾍﾟｱ
4987176174024,Pantene ﾊﾟﾝﾃｰﾝﾐﾗｸﾙｽﾞ 無添加&ｼﾞｪﾝﾄﾙﾘﾍﾟｱ
4987176270474,Pantene ﾊﾟﾝﾃｰﾝﾐﾗｸﾙｽﾞうねりｺﾝﾄﾛｰﾙ&ﾘﾍﾟｱ ﾄﾘｰﾄﾒﾝﾄ
4987176204561,Pantene ﾊﾟﾝﾃｰﾝﾐﾗｸﾙｽﾞ ｶﾗｰｼｬｲﾝ&ﾘﾍﾟｱ
4987176174017,Pantene ﾊﾟﾝﾃｰﾝﾐﾗｸﾙｽﾞ 無添加&ｼﾞｪﾝﾄﾙﾘﾍﾟｱ
4987176270528,Pantene ﾊﾟﾝﾃｰﾝﾐﾗｸﾙｽﾞ うねりｺﾝﾄﾛｰﾙ&ﾘﾍﾟｱ
4987176204585,Pantene ﾊﾟﾝﾃｰﾝﾐﾗｸﾙｽﾞ ｶﾗｰｼｬｲﾝ&ﾘﾍﾟｱ
4987176174000,Pantene ﾊﾟﾝﾃｰﾝﾐﾗｸﾙｽﾞ ｼﾙｷｰﾘﾍﾟｱ
4987176204592,Pantene ﾊﾟﾝﾃｰﾝﾐﾗｸﾙｽﾞ ｶﾗｰｼｬｲﾝ&ﾘﾍﾟｱ
4987176204660,Pantene ﾊﾟﾝﾃｰﾝﾐﾗｸﾙｽﾞ ﾋｰﾄﾌﾟﾛﾃｸｼｮﾝ
4987176055736,Pantene ﾊﾟﾝﾃｰﾝ ﾐｾﾗｰ
4987176055729,Pantene ﾊﾟﾝﾃｰﾝ ﾐｾﾗｰ
4987176055811,Pantene ﾊﾟﾝﾃｰﾝ ﾐｾﾗｰ
4987176055804,Pantene ﾊﾟﾝﾃｰﾝ ﾐｾﾗｰ
4987176055705,Pantene ﾊﾟﾝﾃｰﾝ ﾐｾﾗｰ
4987176055712,Pantene ﾊﾟﾝﾃｰﾝ ﾐｾﾗｰ
4987176055798,Pantene ﾊﾟﾝﾃｰﾝ ﾐｾﾗｰ
4987176055781,Pantene ﾊﾟﾝﾃｰﾝ ﾐｾﾗｰ
4987176075338,Pantene ﾊﾟﾝﾃｰﾝ ｴﾌｫｰﾄﾚｽ
4987176075659,Pantene ﾊﾟﾝﾃｰﾝ ｴﾌｫｰﾄﾚｽ
4987176075345,Pantene ﾊﾟﾝﾃｰﾝ ｴﾌｫｰﾄﾚｽ
4987176075642,Pantene ﾊﾟﾝﾃｰﾝ ｴﾌｫｰﾄﾚｽ
4987176075352,Pantene ﾊﾟﾝﾃｰﾝ ｴﾌｫｰﾄﾚｽ
4987176075666,Pantene ﾊﾟﾝﾃｰﾝ ｴﾌｫｰﾄﾚｽ
4987176075369,Pantene ﾊﾟﾝﾃｰﾝ ｴﾌｫｰﾄﾚｽ
4987176075673,Pantene ﾊﾟﾝﾃｰﾝ ｴﾌｫｰﾄﾚｽ
4902430886369,Pantene ﾊﾟﾝﾃｰﾝ ｴﾌｫｰﾄﾚｽ
4902430763400,Pantene ﾊﾟﾝﾃｰﾝ ｴﾌｫｰﾄﾚｽ
4987176139382,Pantene ﾊﾟﾝﾃｰﾝ ﾏｶﾛﾝﾍｱﾏｽｸ
4987176175564,Pantene ﾊﾟﾝﾃｰﾝ ﾏｶﾛﾝﾍｱﾏｽｸ
4987176139399,Pantene ﾊﾟﾝﾃｰﾝ ﾏｶﾛﾝﾍｱﾏｽｸ
4987176139405,Pantene ﾊﾟﾝﾃｰﾝ ﾏｶﾛﾝﾍｱﾏｽｸ
4987176175557,Pantene ﾊﾟﾝﾃｰﾝ ﾏｶﾛﾝﾍｱﾏｽｸうるさらﾘｯﾁ
4987176339485,Pantene ﾊﾟﾝﾃｰﾝ ｺﾞｰﾙﾄﾞﾀﾞﾒｰｼﾞﾘﾍﾟｱ
4987176412379,Pantene ﾊﾟﾝﾃｰﾝ ｺﾞｰﾙﾄﾞﾎﾞﾘｭｰﾑﾘﾍﾟｱ
4987176339478,Pantene ﾊﾟﾝﾃｰﾝ ｺﾞｰﾙﾄﾞﾀﾞﾒｰｼﾞﾘﾍﾟｱ
4987176412348,Pantene ﾊﾟﾝﾃｰﾝ ｺﾞｰﾙﾄﾞﾎﾞﾘｭｰﾑﾘﾍﾟｱ
4987176339508,Pantene ﾊﾟﾝﾃｰﾝ ｺﾞｰﾙﾄﾞﾀﾞﾒｰｼﾞﾘﾍﾟｱ
4987176412355,Pantene ﾊﾟﾝﾃｰﾝ ｺﾞｰﾙﾄﾞﾎﾞﾘｭｰﾑﾘﾍﾟｱ
4987176339492,Pantene ﾊﾟﾝﾃｰﾝ ｺﾞｰﾙﾄﾞﾀﾞﾒｰｼﾞﾘﾍﾟｱ
4987176412416,Pantene ﾊﾟﾝﾃｰﾝ ｺﾞｰﾙﾄﾞﾎﾞﾘｭｰﾑﾘﾍﾟｱ
4987176338471,Pantene ﾊﾟﾝﾃｰﾝ ｺﾞｰﾙﾄﾞﾀﾞﾒｰｼﾞﾘﾍﾟｱ
4987176412386,Pantene ﾊﾟﾝﾃｰﾝ ｺﾞｰﾙﾄﾞﾎﾞﾘｭｰﾑﾘﾍﾟｱ
4987176338433,Pantene ﾊﾟﾝﾃｰﾝ ｺﾞｰﾙﾄﾞﾀﾞﾒｰｼﾞﾘﾍﾟｱ
4987176412409,Pantene ﾊﾟﾝﾃｰﾝ ｺﾞｰﾙﾄﾞﾎﾞﾘｭｰﾑﾘﾍﾟｱ
4987176338440,Pantene ﾊﾟﾝﾃｰﾝ ｺﾞｰﾙﾄﾞﾀﾞﾒｰｼﾞﾘﾍﾟｱ
4987176412393,Pantene ﾊﾟﾝﾃｰﾝ ｺﾞｰﾙﾄﾞﾎﾞﾘｭｰﾑﾘﾍﾟｱ
4987176338488,Pantene ﾊﾟﾝﾃｰﾝ ｺﾞｰﾙﾄﾞﾀﾞﾒｰｼﾞﾘﾍﾟｱ
4987176412430,Pantene ﾊﾟﾝﾃｰﾝ ｺﾞｰﾙﾄﾞﾎﾞﾘｭｰﾑﾘﾍﾟｱ
4987176384898,Pantene ﾊﾟﾝﾃｰﾝ ｺﾞｰﾙﾄﾞﾀﾞﾒｰｼﾞﾘﾍﾟｱ
4987176412447,Pantene ﾊﾟﾝﾃｰﾝ ｺﾞｰﾙﾄﾞﾎﾞﾘｭｰﾑﾘﾍﾟｱ
4987176384881,Pantene ﾊﾟﾝﾃｰﾝ ｺﾞｰﾙﾄﾞﾀﾞﾒｰｼﾞﾘﾍﾟｱ
4987176412461,Pantene ﾊﾟﾝﾃｰﾝ ｺﾞｰﾙﾄﾞﾎﾞﾘｭｰﾑﾘﾍﾟｱ
4987176410474,Pantene ﾊﾟﾝﾃｰﾝ ｺﾞｰﾙﾄﾞﾀﾞﾒｰｼﾞﾘﾍﾟｱ
4987176412485,Pantene ﾊﾟﾝﾃｰﾝ ｺﾞｰﾙﾄﾞﾎﾞﾘｭｰﾑﾘﾍﾟｱ
4987176410467,Pantene ﾊﾟﾝﾃｰﾝ ｺﾞｰﾙﾄﾞﾀﾞﾒｰｼﾞﾘﾍﾟｱ
4987176412478,Pantene ﾊﾟﾝﾃｰﾝ ｺﾞｰﾙﾄﾞﾎﾞﾘｭｰﾑﾘﾍﾟｱ
4987176357267,Pantene ﾊﾟﾝﾃｰﾝEXP ｶﾌﾟｾﾙ美容液ﾍｱﾏｽｸ
4987176357281,Pantene ﾊﾟﾝﾃｰﾝEXP ﾌﾟﾚｽﾃｰｼﾞﾀﾞﾒｰｼﾞｹｱ
4987176357274,Pantene ﾊﾟﾝﾃｰﾝEXP ﾌﾟﾚｽﾃｰｼﾞﾀﾞﾒｰｼﾞｹｱ
4987176357359,Pantene ﾊﾟﾝﾃｰﾝEXP ﾌﾟﾚｽﾃｰｼﾞﾀﾞﾒｰｼﾞｹｱ
4987176387196,Pantene ﾊﾟﾝﾃｰﾝﾐﾗｸﾙｽﾞ ﾌｧｲﾝﾌﾚｸﾞﾗﾝｽ
4987176387202,Pantene ﾊﾟﾝﾃｰﾝﾐﾗｸﾙｽﾞ ﾌｧｲﾝﾌﾚｸﾞﾗﾝｽ
4987176387189,Pantene ﾊﾟﾝﾃｰﾝﾐﾗｸﾙｽﾞ ﾌｧｲﾝﾌﾚｸﾞﾗﾝｽ
4987176387370,Pantene ﾊﾟﾝﾃｰﾝﾐﾗｸﾙｽﾞ ﾌｧｲﾝﾌﾚｸﾞﾗﾝｽ
4902430867054,H&E ﾊｰﾊﾞﾙｴｯｾﾝｽ ﾋﾞｵﾘﾆｭｰ
4902430867061,H&E ﾊｰﾊﾞﾙｴｯｾﾝｽ ﾋﾞｵﾘﾆｭｰ
4987176370433,Head & Shoulders h&s ﾓｲｽﾁｬｰ
4987176370426,Head & Shoulders h&s ﾓｲｽﾁｬｰ
4987176370655,Head & Shoulders h&s ｼﾄﾗｽｵｲﾙｺﾝﾄﾛｰﾙ
4987176370778,Head & Shoulders h&s ｸﾞﾘｰﾝｾﾞﾗﾆｳﾑ
4987176370648,Head & Shoulders h&s ｼﾄﾗｽｵｲﾙｺﾝﾄﾛｰﾙ
4987176370761,Head & Shoulders h&s ｸﾞﾘｰﾝｾﾞﾗﾆｳﾑ
4987176370440,Head & Shoulders h&s ﾓｲｽﾁｬｰ
4987176370457,Head & Shoulders h&s ﾓｲｽﾁｬｰ
4987176370471,Head & Shoulders h&s ﾓｲｽﾁｬｰ
4987176370464,Head & Shoulders h&s ﾓｲｽﾁｬｰ
4987176370624,Head & Shoulders h&s ｼﾄﾗｽｵｲﾙｺﾝﾄﾛｰﾙ
4987176370747,Head & Shoulders h&s ｸﾞﾘｰﾝｾﾞﾗﾆｳﾑ
4987176370631,Head & Shoulders h&s ｼﾄﾗｽｵｲﾙｺﾝﾄﾛｰﾙ
4987176370754,Head & Shoulders h&s ｸﾞﾘｰﾝｾﾞﾗﾆｳﾑ
4987176370525,Head & Shoulders h&s ﾓｲｽﾁｬｰ
4987176370532,Head & Shoulders h&s ﾓｲｽﾁｬｰ
4987176370594,Head & Shoulders h&s ｼﾄﾗｽｵｲﾙｺﾝﾄﾛｰﾙ
4987176370617,Head & Shoulders h&s ｸﾞﾘｰﾝｾﾞﾗﾆｳﾑ
4987176370587,Head & Shoulders h&s ｼﾄﾗｽｵｲﾙｺﾝﾄﾛｰﾙ
4987176370600,Head & Shoulders h&s ｸﾞﾘｰﾝｾﾞﾗﾆｳﾑ
4987176370488,Head & Shoulders h&s ﾓｲｽﾁｬｰ
4987176370495,Head & Shoulders h&s ﾓｲｽﾁｬｰ
4987176370716,Head & Shoulders h&s ｼﾄﾗｽｵｲﾙｺﾝﾄﾛｰﾙ
4987176370730,Head & Shoulders h&s ｸﾞﾘｰﾝｾﾞﾗﾆｳﾑ
4987176370709,Head & Shoulders h&s ｼﾄﾗｽｵｲﾙｺﾝﾄﾛｰﾙ
4987176370723,Head & Shoulders h&s ｸﾞﾘｰﾝｾﾞﾗﾆｳﾑ
4987176370501,Head & Shoulders h&s ﾓｲｽﾁｬｰ
4987176370518,Head & Shoulders h&s ﾓｲｽﾁｬｰ
4987176370549,Head & Shoulders h&s ｼﾄﾗｽｵｲﾙｺﾝﾄﾛｰﾙ
4987176370563,Head & Shoulders h&s ｸﾞﾘｰﾝｾﾞﾗﾆｳﾑ
4987176370556,Head & Shoulders h&s ｼﾄﾗｽｵｲﾙｺﾝﾄﾛｰﾙ
4987176370570,Head & Shoulders h&s ｸﾞﾘｰﾝｾﾞﾗﾆｳﾑ
4987176175625,Head & Shoulders 深体験ﾍｯﾄﾞｽﾊﾟ by
4987176310866,Head & Shoulders 深ﾍｯﾄﾞｽﾊﾟ by
4987176310804,Head & Shoulders 深ﾍｯﾄﾞｽﾊﾟ by
4987176310798,Head & Shoulders 深ﾍｯﾄﾞｽﾊﾟ by
4987176310859,Head & Shoulders 深ﾍｯﾄﾞｽﾊﾟ by
4987176310781,Head & Shoulders 深ﾍｯﾄﾞｽﾊﾟ by
4987176310842,Head & Shoulders 深ﾍｯﾄﾞｽﾊﾟ by
4987176310835,Head & Shoulders 深ﾍｯﾄﾞｽﾊﾟ by
4987176310828,Head & Shoulders 深ﾍｯﾄﾞｽﾊﾟ by
4987176313904,Head & Shoulders 深ﾍｯﾄﾞｽﾊﾟ by
4987176313911,Head & Shoulders 深ﾍｯﾄﾞｽﾊﾟ by
4987176243263,Head & Shoulders h&s 5in1
4987176243249,Head & Shoulders h&s 5in1
4987176271150,Head & Shoulders for Men h&s for
4987176271174,Head & Shoulders for Men h&s for
4987176370853,Head & Shoulders for Men h&s for
4987176370846,Head & Shoulders for Men h&s for
4902430744997,Head & Shoulders for Men h&s for
4987176370839,Head & Shoulders for Men h&s for
4902430744980,Head & Shoulders for Men h&s for
4987176370822,Head & Shoulders for Men h&s for
4902430790857,Head & Shoulders for Men h&s for
4987176023643,Head & Shoulders for Men h&s for
4987176370785,Head & Shoulders for Men h&s for
4987176370792,Head & Shoulders for Men h&s for
4987176271204,Head & Shoulders for Men h&s for
4987176271136,Head & Shoulders for Men h&s for
4987176271112,Head & Shoulders for Men h&s for
4987176047458,Head & Shoulders for Men h&s scalp
4987176047465,Head & Shoulders for Men h&s scalp
4987176047472,Head & Shoulders for Men h&s scalp
4987176047441,Head & Shoulders for Men h&s scalp
4987176331175,Head & Shoulders for Men h&s for
4987176331168,Head & Shoulders for Men h&s for
4987176387233,Head & Shoulders for Men h&s for
4987176412898,Head & Shoulders for Men h&s for
4987176412928,Head & Shoulders for Men h&s for
4987176413000,Head & Shoulders for Men h&s for
4987176412980,Head & Shoulders for Men h&s for
4987176412959,Head & Shoulders for Men h&s for
4987176412966,Head & Shoulders for Men h&s for
4987176413017,Head & Shoulders for Men h&s for
4987176413048,Head & Shoulders for Men h&s for
4987176412935,Head & Shoulders for Men h&s for
4987176412942,Head & Shoulders for Men h&s for
4987176413031,Head & Shoulders for Men h&s for
4987176413024,Head & Shoulders for Men h&s for
4987176170767,Hair Recipe 和の実 by
4987176147837,Hair Recipe 和の実 by
4987176147820,Hair Recipe 和の実 by
4987176147882,Hair Recipe 和の実 by
4987176147899,Hair Recipe 和の実 by
4987176147868,Hair Recipe 和の実 by
4987176147875,Hair Recipe 和の実 by
4987176147929,Hair Recipe 和の実 by
4987176147936,Hair Recipe 和の実 by
4987176334886,Pampers ﾊﾟﾝﾊﾟｰｽさらさらｹｱ ﾃｰﾌﾟ
4987176404220,Pampers ﾊﾟﾝﾊﾟｰｽさらさらｹｱ ﾃｰﾌﾟ
4987176334992,Pampers ﾊﾟﾝﾊﾟｰｽさらさらｹｱ ﾃｰﾌﾟ
4987176404350,Pampers ﾊﾟﾝﾊﾟｰｽさらさらｹｱ ﾃｰﾌﾟ
4987176203328,Pampers ﾊﾟﾝﾊﾟｰｽさらさらｹｱ ﾃｰﾌﾟ
4987176404312,Pampers ﾊﾟﾝﾊﾟｰｽさらさらｹｱ ﾃｰﾌﾟ
4987176203304,Pampers ﾊﾟﾝﾊﾟｰｽさらさらｹｱ ﾃｰﾌﾟ
4987176404244,Pampers ﾊﾟﾝﾊﾟｰｽさらさらｹｱ ﾃｰﾌﾟ
4987176334978,Pampers ﾊﾟﾝﾊﾟｰｽさらさらｹｱ ﾃｰﾌﾟ
4987176335005,Pampers ﾊﾟﾝﾊﾟｰｽさらさらｹｱ ﾃｰﾌﾟ
4987176203281,Pampers ﾊﾟﾝﾊﾟｰｽさらさらｹｱ ﾃｰﾌﾟ
4987176203267,Pampers ﾊﾟﾝﾊﾟｰｽさらさらｹｱ ﾃｰﾌﾟ
4987176136138,Pampers ﾊﾟﾝﾊﾟｰｽ さらさらｹｱ
4987176404299,Pampers ﾊﾟﾝﾊﾟｰｽ さらさらｹｱ
4987176136152,Pampers ﾊﾟﾝﾊﾟｰｽ さらさらｹｱ
4987176404473,Pampers ﾊﾟﾝﾊﾟｰｽ さらさらｹｱ
4902430148887,Pampers ﾊﾟﾝﾊﾟｰｽ さらさらｹｱ
4987176404435,Pampers ﾊﾟﾝﾊﾟｰｽ さらさらｹｱ
4902430148948,Pampers ﾊﾟﾝﾊﾟｰｽ さらさらｹｱ
4987176404466,Pampers ﾊﾟﾝﾊﾟｰｽ さらさらｹｱ
4987176334800,Pampers ﾊﾟﾝﾊﾟｰｽ さらさらｹｱ
4987176203410,Pampers ﾊﾟﾝﾊﾟｰｽ さらさらｹｱ
4987176203403,Pampers ﾊﾟﾝﾊﾟｰｽ さらさらｹｱ
4987176203397,Pampers ﾊﾟﾝﾊﾟｰｽ さらさらｹｱ
4987176203380,Pampers ﾊﾟﾝﾊﾟｰｽ さらさらｹｱ
4987176334787,Pampers ﾊﾟﾝﾊﾟｰｽ さらさらｹｱ
4987176334848,Pampers ﾊﾟﾝﾊﾟｰｽ さらさらｹｱ
4987176334848,Pampers ﾊﾟﾝﾊﾟｰｽ さらさらｹｱ
4987176334725,Pampers ﾊﾟﾝﾊﾟｰｽ さらさらｹｱ
4987176334725,Pampers ﾊﾟﾝﾊﾟｰｽ さらさらｹｱ
4987176334862,Pampers ﾊﾟﾝﾊﾟｰｽ さらさらｹｱ
4987176334862,Pampers ﾊﾟﾝﾊﾟｰｽ さらさらｹｱ
4987176334824,Pampers ﾊﾟﾝﾊﾟｰｽ さらさらｹｱ
4987176334824,Pampers ﾊﾟﾝﾊﾟｰｽ さらさらｹｱ
4987176304827,Pampers ﾊﾟﾝﾊﾟｰｽ さらさらｹｱ
4987176304827,Pampers ﾊﾟﾝﾊﾟｰｽ さらさらｹｱ
4987176203434,Pampers ﾊﾟﾝﾊﾟｰｽ おやすみﾊﾟﾝﾂ
4987176203427,Pampers ﾊﾟﾝﾊﾟｰｽ おやすみﾊﾟﾝﾂ
4987176203458,Pampers ﾊﾟﾝﾊﾟｰｽ おやすみﾊﾟﾝﾂ
4987176203441,Pampers ﾊﾟﾝﾊﾟｰｽ おやすみﾊﾟﾝﾂ
4987176404398,Pampers ﾊﾟﾝﾊﾟｰｽ おやすみﾊﾟﾝﾂ
4987176333469,Pampers ﾊﾟﾝﾊﾟｰｽ おやすみﾊﾟﾝﾂ
4987176404510,Pampers ﾊﾟﾝﾊﾟｰｽ おやすみﾊﾟﾝﾂ
4987176333445,Pampers ﾊﾟﾝﾊﾟｰｽ おやすみﾊﾟﾝﾂ
4987176333445,Pampers ﾊﾟﾝﾊﾟｰｽ おやすみﾊﾟﾝﾂ
4987176333513,Pampers ﾊﾟﾝﾊﾟｰｽ おやすみﾊﾟﾝﾂ
4987176333452,Pampers ﾊﾟﾝﾊﾟｰｽ おやすみﾊﾟﾝﾂ
4987176404572,Pampers ﾊﾟﾝﾊﾟｰｽ おやすみﾊﾟﾝﾂ
4987176238498,Pampers ﾊﾟﾝﾊﾟｰｽ はじめての肌へのいちばん
4987176203250,Pampers ﾊﾟﾝﾊﾟｰｽ はじめての肌へのいちばん
4987176203243,Pampers ﾊﾟﾝﾊﾟｰｽ はじめての肌へのいちばん
4987176341372,Pampers ﾊﾟﾝﾊﾟｰｽ はじめての肌へのいちばん
4987176341396,Pampers ﾊﾟﾝﾊﾟｰｽ はじめての肌へのいちばん
4987176203229,Pampers ﾊﾟﾝﾊﾟｰｽ はじめての肌へのいちばん
4987176203205,Pampers ﾊﾟﾝﾊﾟｰｽ はじめての肌へのいちばん
4987176341518,Pampers ﾊﾟﾝﾊﾟｰｽ はじめての肌へのいちばん
4987176341426,Pampers ﾊﾟﾝﾊﾟｰｽ はじめての肌へのいちばん
4987176341082,Pampers ﾊﾟﾝﾊﾟｰｽ 肌へのいちばんﾊﾟﾝﾂ
4987176341075,Pampers ﾊﾟﾝﾊﾟｰｽ 肌へのいちばんﾊﾟﾝﾂ
4987176341228,Pampers ﾊﾟﾝﾊﾟｰｽ 肌へのいちばんﾊﾟﾝﾂ
4987176341150,Pampers ﾊﾟﾝﾊﾟｰｽ 肌へのいちばんﾊﾟﾝﾂ
4987176341068,Pampers ﾊﾟﾝﾊﾟｰｽ 肌へのいちばんﾊﾟﾝﾂ
4987176341143,Pampers ﾊﾟﾝﾊﾟｰｽ 肌へのいちばんﾊﾟﾝﾂ
4987176341242,Pampers ﾊﾟﾝﾊﾟｰｽ 肌へのいちばんﾊﾟﾝﾂ
4987176341174,Pampers ﾊﾟﾝﾊﾟｰｽ 肌へのいちばんﾊﾟﾝﾂ
4987176404749,Pampers ﾊﾟﾝﾊﾟｰｽ 肌へのいちばん夜用
4987176404763,Pampers ﾊﾟﾝﾊﾟｰｽ 肌へのいちばん夜用
4987176404787,Pampers ﾊﾟﾝﾊﾟｰｽ 肌へのいちばん夜用
4987176180568,Pampers ﾊﾟﾝﾊﾟｰｽ 肌へのいちばん
4987176180599,Pampers ﾊﾟﾝﾊﾟｰｽ 肌へのいちばん
4987176333490,Pampers ﾊﾟﾝﾊﾟｰｽ おやすみﾊﾟﾝﾂ
4987176377920,Pampers ﾊﾟﾝﾊﾟｰｽ 超吸収ｴｱﾘｰ
4987176377951,Pampers ﾊﾟﾝﾊﾟｰｽ 超吸収ｴｱﾘｰ
4987176377968,Pampers ﾊﾟﾝﾊﾟｰｽ 超吸収ｴｱﾘｰ
4987176126825,Whisper ｳｨｽﾊﾟｰ1枚2役Wｶﾞｰﾄﾞ 3cc
4987176126849,Whisper ｳｨｽﾊﾟｰ1枚2役Wｶﾞｰﾄﾞ 3cc
4987176161147,Whisper ｳｨｽﾊﾟｰ1枚2役Wｶﾞｰﾄﾞ 10cc
4902430874311,Whisper ｳｨｽﾊﾟｰ1枚2役Wｶﾞｰﾄﾞ 15cc
4902430874311,Whisper ｳｨｽﾊﾟｰ1枚2役Wｶﾞｰﾄﾞ 15cc
4902430881517,Whisper ｳｨｽﾊﾟｰ1枚2役Wｶﾞｰﾄﾞ 15cc
4987176408549,Whisper ｳｨｽﾊﾟｰ1枚2役Wｶﾞｰﾄﾞ 15cc
4902430881531,Whisper ｳｨｽﾊﾟｰ うすさら吸水
4987176195937,Whisper ｳｨｽﾊﾟｰうすさら吸水 30cc
4902430917100,Whisper ｳｨｽﾊﾟｰ うすさら吸水
4987176408495,Whisper ｳｨｽﾊﾟｰ うすさら吸水
4987176265869,Whisper ｳｨｽﾊﾟｰうすさら吸水 30cc
4987176408587,Whisper ｳｨｽﾊﾟｰうすさら吸水 30cc
4987176194084,Whisper ｳｨｽﾊﾟｰうすさら吸水 30cc
4987176194084,Whisper ｳｨｽﾊﾟｰうすさら吸水 30cc
4902430874335,Whisper ｳｨｽﾊﾟｰ うすさら吸水
4987176195913,Whisper ｳｨｽﾊﾟｰうすさら吸水 50cc
4987176265876,Whisper ｳｨｽﾊﾟｰうすさら吸水 50cc
4987176408464,Whisper ｳｨｽﾊﾟｰうすさら吸水 50cc
4902430881715,Whisper ｳｨｽﾊﾟｰ うすさら吸水
4987176408525,Whisper ｳｨｽﾊﾟｰ うすさら吸水
4987176194053,Whisper ｳｨｽﾊﾟｰうすさら吸水 50cc
4987176194053,Whisper ｳｨｽﾊﾟｰうすさら吸水 50cc
4902430873796,Whisper ｳｨｽﾊﾟｰ うすさら吸水
4987176415516,Whisper ｳｨｽﾊﾟｰ うすさら吸水
4902430917148,Whisper ｳｨｽﾊﾟｰ うすさら吸水
4987176408488,Whisper ｳｨｽﾊﾟｰ うすさら吸水
4902430917179,Whisper ｳｨｽﾊﾟｰ うすさら吸水
4987176415578,Whisper ｳｨｽﾊﾟｰ うすさら吸水
4987176126856,Whisper ｳｨｽﾊﾟｰ うすさら吸水
4987176126856,Whisper ｳｨｽﾊﾟｰ うすさら吸水
4902430874328,Whisper ｳｨｽﾊﾟ- うすさら安心
4902430879941,Whisper ｳｨｽﾊﾟ- うすさら安心
4987176216984,Whisper ｳｨｽﾊﾟｰうすさら安心 45cc
4902430882453,Whisper ｳｨｽﾊﾟ- うすさら安心
4987176415530,Whisper ｳｨｽﾊﾟ- うすさら安心
4987176265821,Whisper ｳｨｽﾊﾟｰうすさら安心 80cc
4902430874342,Whisper ｳｨｽﾊﾟ- うすさら安心
4987176104632,Whisper ｳｨｽﾊﾟ- うすさら安心
4987176104632,Whisper ｳｨｽﾊﾟ- うすさら安心
4987176408617,Whisper ｳｨｽﾊﾟ- うすさら安心
4902430881562,Whisper ｳｨｽﾊﾟ- うすさら安心
4987176415554,Whisper ｳｨｽﾊﾟ- うすさら安心
4987176265838,Whisper ｳｨｽﾊﾟｰうすさら安心 120cc
4902430874359,Whisper ｳｨｽﾊﾟ- うすさら安心
4987176104649,Whisper ｳｨｽﾊﾟ- うすさら安心
4987176104649,Whisper ｳｨｽﾊﾟ- うすさら安心
4987176336750,Whisper ｳｨｽﾊﾟｰうすさら安心 120cc
4987176336750,Whisper ｳｨｽﾊﾟｰうすさら安心 120cc
4902430917049,Whisper ｳｨｽﾊﾟ- うすさら安心
4987176104663,Whisper ｳｨｽﾊﾟ- うすさら安心
4987176104663,Whisper ｳｨｽﾊﾟ- うすさら安心
4987176266170,Whisper ｳｨｽﾊﾟ- うすさら安心
4987176266170,Whisper ｳｨｽﾊﾟ- うすさら安心
4902430344821,Whisper ｳｨｽﾊﾟ- うすさら安心
4987176266187,Whisper ｳｨｽﾊﾟ- うすさら安心
4987176266187,Whisper ｳｨｽﾊﾟ- うすさら安心
4987176336743,Whisper ｳｨｽﾊﾟｰうすさら安心 220cc
4987176336743,Whisper ｳｨｽﾊﾟｰうすさら安心 220cc
4987176072054,Whisper ｳｨｽﾊﾟｰうすさら安心 300cc
4987176072054,Whisper ｳｨｽﾊﾟｰうすさら安心 300cc
4987176161154,Whisper ｳｨｽﾊﾟｰ安心の超吸収 150cc
4987176161185,Whisper ｳｨｽﾊﾟｰ安心の超吸収 300cc
4987176164254,Whisper ｳｨｽﾊﾟｰ安心の超吸収 150cc
4987176164261,Whisper ｳｨｽﾊﾟｰ安心の超吸収 300cc
4987176408624,Whisper ｳｨｽﾊﾟｰ安心の超吸収 300cc
4987176274861,Whisper ｳｨｽﾊﾟｰ安心の超吸収 300cc
4987176408556,Whisper ｳｨｽﾊﾟｰ安心の超吸収 300cc
4987176415615,Whisper ｳｨｽﾊﾟｰ安心の超吸収 150cc
4987176415608,Whisper ｳｨｽﾊﾟｰ安心の超吸収 250cc
4987176408648,Whisper ｳｨｽﾊﾟｰ安心の超吸収 350cc
4987176408655,Whisper ｳｨｽﾊﾟｰ安心の超吸収 350cc
4902430899796,Oral-B ｵｰﾗﾙB ﾌﾟﾚﾐｱﾑﾃﾞﾝﾀﾙﾌﾛｽ
4987176262295,Oral-B ｵｰﾗﾙB ﾌﾛｽﾋﾟｯｸ
4987176262301,Oral-B ｵｰﾗﾙB ﾌﾛｽﾋﾟｯｸ
